student_id,course_id,attendance_rate,avg_session_duration_pct,consecutive_absences,assignment_submission_rate,avg_assignment_score,late_submission_count,exam_score_avg,exam_improvement_trend,at_risk,pass_fail,predicted_grade
s_1000,c_1,0.738,0.54,2,0.832,71.19,2,71.17,0.0376,0,1,B
s_1001,c_1,0.653,0.604,2,0.403,46.39,4,16.62,-0.0996,1,0,F
s_1002,c_3,0.701,0.682,1,0.816,72.92,0,76.92,-0.15,0,1,B
s_1003,c_1,0.634,1.0,2,0.497,77.98,1,76.67,0.0291,0,0,B
s_1004,c_3,0.91,1.0,0,0.917,87.97,0,74.06,0.0207,0,1,A
s_1005,c_5,0.864,0.993,0,0.985,82.51,2,73.99,0.1527,0,1,B
s_1006,c_3,0.77,0.856,1,0.97,92.91,0,75.79,0.0358,0,1,A
s_1007,c_2,0.425,0.326,5,0.443,53.1,5,57.17,0.0335,1,0,D
s_1008,c_3,0.707,0.64,0,0.802,76.94,0,89.52,0.0382,0,1,A
s_1009,c_5,0.862,0.632,1,0.784,61.23,0,64.23,-0.0809,0,1,C
s_1010,c_3,0.857,0.849,1,0.963,88.67,0,76.41,0.0401,0,1,A
s_1011,c_5,0.445,0.7,2,0.554,32.27,2,41.79,0.0032,1,0,F
s_1012,c_3,0.735,0.804,1,0.86,66.33,2,74.12,0.0138,0,1,B
s_1013,c_2,0.928,0.937,1,0.994,89.35,0,72.16,0.104,0,1,A
s_1014,c_5,0.973,0.872,0,0.897,85.11,1,70.7,0.1231,0,1,A
s_1015,c_2,0.913,0.884,0,0.975,69.2,0,75.23,0.091,0,1,B
s_1016,c_1,0.839,0.672,0,0.806,57.96,2,67.71,-0.0275,0,1,C
s_1017,c_1,0.795,0.817,1,0.691,84.11,2,43.24,0.093,0,0,C
s_1018,c_5,0.707,0.456,2,0.694,83.81,0,48.47,-0.0007,1,0,C
s_1019,c_4,0.803,0.641,2,0.702,61.45,3,66.74,0.0246,0,1,C
s_1020,c_3,0.567,0.617,3,0.84,62.93,0,48.23,0.0966,1,0,D
s_1021,c_1,0.924,0.917,1,0.958,84.86,0,79.77,0.1155,0,1,A
s_1022,c_5,0.577,0.773,1,0.693,60.36,2,71.8,-0.0931,0,1,C
s_1023,c_1,0.708,0.559,1,0.783,64.28,2,75.37,0.0545,0,1,B
s_1024,c_4,0.718,0.631,0,0.75,53.42,2,67.77,0.1169,1,0,C
s_1025,c_2,0.726,0.606,2,0.611,53.93,4,68.95,-0.0487,1,1,C
s_1026,c_3,0.998,0.954,0,1.0,82.86,1,86.06,0.1118,0,1,A
s_1027,c_4,0.932,0.675,1,0.885,69.64,1,80.54,-0.0176,0,1,B
s_1028,c_1,0.617,0.636,2,0.748,86.42,1,51.73,0.0552,0,1,C
s_1029,c_2,0.841,0.879,0,0.905,68.7,0,74.97,0.0976,0,1,B
s_1030,c_2,0.672,0.889,0,0.594,85.02,2,73.87,0.0077,0,1,B
s_1031,c_2,0.811,0.756,0,0.901,84.98,1,92.91,0.003,0,1,A
s_1032,c_1,0.923,0.857,0,0.963,77.04,0,57.89,0.0918,0,1,B
s_1033,c_2,0.506,0.437,3,0.256,58.93,5,21.77,-0.0991,1,0,F
s_1034,c_3,0.7,0.362,2,0.75,29.88,7,32.35,-0.1713,1,0,F
s_1035,c_2,0.805,0.847,1,0.788,69.3,1,58.66,0.0328,0,1,C
s_1036,c_1,0.596,0.776,0,0.922,72.72,1,83.69,-0.0028,1,0,B
s_1037,c_2,0.964,0.908,0,0.804,100.0,0,87.97,0.028,0,1,A
s_1038,c_2,0.78,0.603,0,0.831,52.81,4,60.87,0.0084,0,1,C
s_1039,c_5,0.74,0.826,0,0.77,69.49,2,69.03,-0.0586,0,1,B
s_1040,c_2,0.77,0.955,0,0.833,87.45,1,75.64,0.0546,0,1,A
s_1041,c_1,0.552,0.588,1,0.81,72.01,2,76.19,-0.0057,0,1,B
s_1042,c_2,0.978,0.763,0,0.809,88.57,0,87.57,0.1923,0,1,A
s_1043,c_3,0.272,0.497,4,0.45,64.45,4,20.8,-0.068,1,0,F
s_1044,c_5,0.788,0.769,2,0.826,67.81,0,59.92,0.0432,0,1,C
s_1045,c_5,0.766,0.982,1,0.756,72.7,1,64.8,-0.0188,0,1,B
s_1046,c_2,0.622,0.673,0,0.653,70.51,1,55.38,0.0292,0,1,C
s_1047,c_2,0.706,0.796,0,0.704,76.52,1,64.72,0.145,0,1,B
s_1048,c_2,0.77,0.544,1,0.626,58.07,2,70.83,-0.0236,0,1,C
s_1049,c_5,0.941,0.934,0,0.861,78.0,0,77.28,0.1347,0,1,A
s_1050,c_5,0.634,0.694,4,0.366,28.56,4,46.09,-0.0801,1,0,F
s_1051,c_4,0.658,0.928,1,0.854,59.8,2,69.49,-0.0064,0,1,C
s_1052,c_2,0.363,0.298,3,0.362,42.63,4,45.04,-0.1889,1,0,F
s_1053,c_2,0.286,0.56,3,0.225,29.04,7,16.64,-0.124,1,0,F
s_1054,c_5,0.621,0.776,1,0.739,55.96,2,76.45,-0.0629,0,1,C
s_1055,c_4,0.337,0.568,4,0.415,40.24,5,45.87,-0.0099,1,0,F
s_1056,c_3,0.825,0.809,0,0.82,84.06,0,97.4,0.0234,0,1,A
s_1057,c_2,0.926,0.992,0,0.932,60.25,0,97.73,0.114,0,1,A
s_1058,c_4,0.919,0.906,1,0.9,78.11,0,82.83,0.0351,0,1,A
s_1059,c_1,0.791,0.714,1,0.553,62.82,2,56.32,0.0659,0,1,C
s_1060,c_4,0.64,0.742,1,0.592,65.36,0,57.47,0.0281,0,1,C
s_1061,c_3,0.626,0.683,1,0.804,52.18,2,59.65,0.0994,0,1,D
s_1062,c_4,0.785,0.865,0,0.627,62.4,0,54.2,0.0613,0,1,C
s_1063,c_5,0.872,0.862,0,0.677,57.98,0,72.46,0.0355,0,1,C
s_1064,c_2,0.707,0.819,0,0.633,46.98,2,71.67,0.0557,1,1,C
s_1065,c_5,0.697,0.574,2,0.925,72.94,0,45.14,0.072,0,0,C
s_1066,c_4,0.899,0.926,0,0.812,96.48,1,77.75,0.0333,0,1,A
s_1067,c_2,0.793,0.551,2,0.851,68.21,1,65.21,-0.0338,0,1,C
s_1068,c_4,0.788,0.847,1,1.0,75.15,0,80.49,0.12,0,1,B
s_1069,c_1,0.602,0.43,2,0.445,48.11,2,56.21,-0.0397,1,0,D
s_1070,c_4,0.585,0.583,0,0.818,76.58,0,75.04,0.0531,0,1,B
s_1071,c_4,0.912,0.9,0,0.917,79.06,2,86.66,0.0774,0,1,A
s_1072,c_1,1.0,1.0,0,0.962,88.58,0,83.01,0.0695,0,1,A
s_1073,c_5,0.806,0.444,0,0.699,57.4,3,61.5,0.1326,1,0,C
s_1074,c_4,0.806,0.63,2,0.834,56.86,1,67.4,0.0541,0,1,C
s_1075,c_2,0.705,0.656,2,0.779,47.83,2,65.55,-0.0309,0,0,D
s_1076,c_5,0.723,0.521,2,0.781,82.02,1,41.11,0.0147,0,0,C
s_1077,c_4,0.911,0.811,1,0.858,78.14,0,83.37,0.1185,0,1,A
s_1078,c_5,0.699,0.598,2,0.776,50.99,2,48.85,0.0367,1,0,D
s_1079,c_3,1.0,1.0,1,0.949,82.55,0,85.44,0.1199,0,1,A
s_1080,c_5,0.434,0.633,4,0.407,33.7,5,33.19,-0.033,1,0,F
s_1081,c_2,0.678,0.558,1,0.753,75.75,2,59.58,-0.009,0,1,C
s_1082,c_5,0.881,0.887,0,0.859,50.79,0,73.74,0.0609,0,1,C
s_1083,c_3,0.906,0.998,0,0.904,72.91,0,77.26,0.0739,0,1,B
s_1084,c_4,0.797,0.806,0,0.796,54.18,1,68.0,-0.0466,0,1,C
s_1085,c_5,0.84,0.468,1,0.701,53.8,1,56.19,0.0563,0,1,C
s_1086,c_2,0.679,0.763,0,0.61,40.0,1,63.72,0.0299,0,0,D
s_1087,c_2,0.73,0.718,0,0.723,55.01,3,58.49,0.0089,0,1,D
s_1088,c_4,0.304,0.316,3,0.416,49.41,3,38.05,0.0298,1,0,F
s_1089,c_2,0.737,0.68,0,0.855,85.33,1,73.78,-0.0337,0,1,B
s_1090,c_5,0.925,1.0,0,0.914,87.41,1,82.88,0.1427,0,1,A
s_1091,c_2,0.799,0.549,0,0.617,89.15,4,44.23,0.0799,0,0,C
s_1092,c_1,0.659,0.896,0,0.797,84.15,4,56.59,-0.0738,0,1,C
s_1093,c_3,0.637,0.71,1,0.623,64.42,3,66.8,0.0642,0,1,C
s_1094,c_4,0.782,0.947,0,0.89,65.57,1,54.89,-0.038,0,1,C
s_1095,c_4,0.732,0.895,0,0.714,70.11,1,71.71,0.0053,0,1,B
s_1096,c_4,0.668,0.845,1,0.669,62.95,1,56.2,-0.0207,0,1,C
s_1097,c_4,0.756,0.864,1,0.705,77.81,3,48.59,0.0171,0,0,C
s_1098,c_5,0.927,0.791,0,1.0,81.46,0,90.2,0.0403,0,1,A
s_1099,c_5,1.0,0.795,0,0.941,81.93,0,77.28,0.1026,0,1,A
s_1100,c_4,0.835,0.974,2,0.953,73.82,0,73.28,0.0171,0,1,B
s_1101,c_2,0.747,0.737,1,0.649,76.4,1,60.18,0.0884,0,1,C
s_1102,c_3,0.733,0.714,1,0.704,61.98,0,55.42,0.1085,0,1,C
s_1103,c_4,0.882,0.661,1,0.598,77.44,2,66.44,0.0085,0,1,B
s_1104,c_5,0.377,0.495,3,0.52,32.92,7,53.28,-0.1065,1,0,F
s_1105,c_3,0.936,0.894,1,0.973,85.34,0,81.69,0.0679,0,1,A
s_1106,c_2,0.707,0.583,1,0.764,76.01,1,56.11,0.0046,0,1,C
s_1107,c_4,0.774,0.806,2,0.754,66.54,1,68.26,0.1441,0,1,C
s_1108,c_3,0.924,0.828,0,0.917,77.21,0,61.03,0.0652,0,1,B
s_1109,c_4,0.952,0.809,0,0.909,86.36,0,89.15,0.0857,0,1,A
s_1110,c_1,0.727,0.839,0,0.785,76.64,0,72.73,0.0401,0,1,B
s_1111,c_4,0.822,0.871,0,0.909,77.16,1,90.89,0.0664,0,1,A
s_1112,c_1,0.413,0.324,3,0.514,46.72,5,42.57,0.0387,1,0,F
s_1113,c_4,0.801,0.725,0,0.5,49.67,1,55.81,0.1467,1,0,D
s_1114,c_1,0.728,0.525,0,0.858,59.22,1,41.37,0.0169,0,0,D
s_1115,c_5,0.363,0.578,5,0.606,46.04,4,41.17,-0.1213,1,0,F
s_1116,c_2,0.582,0.477,1,0.777,70.09,2,72.13,-0.0225,0,1,C
s_1117,c_1,0.948,0.914,0,0.979,84.28,0,74.61,0.1088,0,1,A
s_1118,c_5,0.127,0.342,2,0.678,39.11,2,39.08,-0.1255,1,0,F
s_1119,c_3,0.611,0.869,1,0.771,72.59,3,55.26,0.0317,0,1,C
s_1120,c_1,0.606,0.713,0,0.58,58.54,1,55.96,0.0156,1,1,D
s_1121,c_2,0.424,0.227,5,0.425,37.23,6,32.4,-0.0918,1,0,F
s_1122,c_2,0.579,0.756,0,0.969,51.21,2,61.14,-0.0107,0,1,D
s_1123,c_3,0.882,0.783,0,0.912,86.24,0,78.45,0.0719,0,1,A
s_1124,c_2,0.989,0.84,0,1.0,80.89,0,69.56,0.0871,0,1,B
s_1125,c_2,0.673,0.698,1,0.74,69.09,0,61.03,-0.0122,0,1,C
s_1126,c_2,0.636,0.647,1,0.755,64.49,1,56.78,-0.1272,0,1,C
s_1127,c_3,0.219,0.227,3,0.271,46.72,4,62.45,-0.0625,1,0,F
s_1128,c_1,0.974,0.843,0,0.932,69.42,0,83.71,0.0546,0,1,A
s_1129,c_5,0.613,0.729,1,0.729,88.34,1,74.11,0.1275,0,1,B
s_1130,c_4,0.651,0.755,2,0.802,67.71,0,80.31,0.1037,0,1,B
s_1131,c_4,0.853,0.886,0,0.899,79.7,2,78.17,0.1127,0,1,A
s_1132,c_2,0.918,0.964,0,0.876,74.77,1,80.16,-0.041,0,1,A
s_1133,c_4,0.774,0.737,1,0.961,53.31,1,60.83,0.0934,0,1,C
s_1134,c_4,0.297,0.331,3,0.583,54.47,7,65.0,-0.0478,1,1,D
s_1135,c_5,0.657,0.803,0,0.696,73.57,0,69.98,0.041,0,1,B
s_1136,c_3,0.767,0.758,2,0.688,68.13,1,51.44,0.0685,0,1,C
s_1137,c_4,0.641,0.663,2,0.753,71.09,0,62.01,-0.039,0,1,C
s_1138,c_5,0.765,0.609,1,0.793,61.61,1,53.32,-0.0182,0,1,C
s_1139,c_2,0.623,0.492,4,0.389,28.41,5,49.77,-0.1395,1,0,F
s_1140,c_4,0.7,0.636,2,0.284,54.39,5,48.19,-0.0446,1,0,D
s_1141,c_1,0.759,0.639,0,0.567,64.72,0,56.24,0.0191,0,1,C
s_1142,c_3,0.72,0.699,0,0.846,54.67,0,71.08,-0.042,0,1,C
s_1143,c_4,0.703,0.718,1,0.771,75.6,3,60.76,0.0485,0,1,C
s_1144,c_3,0.645,0.741,0,0.824,66.11,2,52.73,0.0346,0,1,C
s_1145,c_2,0.913,0.885,1,0.935,81.58,0,79.83,0.0658,0,1,A
s_1146,c_1,0.72,0.584,0,0.743,76.12,0,75.98,0.0478,1,0,B
s_1147,c_5,0.742,0.541,1,0.667,79.17,3,71.21,0.0884,0,1,B
s_1148,c_1,0.893,0.845,1,0.952,75.3,2,79.24,0.063,0,1,B
s_1149,c_1,0.687,0.772,0,0.576,66.19,2,59.49,-0.0497,0,1,C
s_1150,c_4,0.412,0.517,4,0.662,38.39,4,30.74,-0.1303,1,0,F
s_1151,c_3,0.947,0.927,0,0.989,74.06,0,66.85,0.0066,1,0,B
s_1152,c_3,0.941,1.0,1,0.961,95.55,1,64.03,0.1194,0,1,A
s_1153,c_1,0.68,0.678,0,0.74,48.57,2,54.35,0.0075,1,0,D
s_1154,c_1,0.478,0.211,4,0.576,65.0,5,50.61,-0.1406,1,1,D
s_1155,c_1,0.99,0.925,0,0.95,77.04,0,92.22,0.0292,0,1,A
s_1156,c_1,0.705,0.75,2,0.679,65.62,2,66.95,0.0219,0,1,C
s_1157,c_2,0.611,0.681,3,0.589,66.85,1,56.17,0.0235,1,1,C
s_1158,c_3,0.808,0.895,0,0.995,81.45,0,80.71,0.1144,0,1,A
s_1159,c_2,0.765,0.745,0,0.59,69.62,1,54.12,0.0194,0,1,C
s_1160,c_4,0.638,0.858,1,0.803,63.78,4,73.55,-0.0091,0,1,C
s_1161,c_5,0.792,0.545,1,0.773,52.97,2,58.56,0.01,1,0,C
s_1162,c_4,0.809,0.446,2,0.756,51.77,2,52.71,-0.0391,0,1,D
s_1163,c_3,0.64,0.741,0,0.824,63.19,4,47.21,-0.0862,1,0,D
s_1164,c_2,0.894,0.826,0,1.0,64.67,0,70.76,0.1173,0,1,B
s_1165,c_2,0.611,0.785,1,0.799,82.02,1,72.19,-0.0184,0,1,B
s_1166,c_4,0.701,0.811,2,0.714,40.0,0,48.22,0.0318,1,0,F
s_1167,c_4,0.803,0.991,0,0.923,88.27,0,86.09,0.1172,0,1,A
s_1168,c_3,0.775,0.906,0,0.971,59.53,0,68.21,0.0257,0,1,C
s_1169,c_3,0.831,0.591,1,0.898,60.19,2,52.61,-0.0454,0,1,C
s_1170,c_2,0.791,0.61,1,0.715,54.62,1,63.47,-0.095,0,1,C
s_1171,c_1,0.743,0.856,1,0.875,82.64,0,84.42,0.128,0,1,A
s_1172,c_5,0.828,0.819,1,0.773,69.98,2,57.35,0.0506,0,1,C
s_1173,c_4,0.874,0.843,0,0.974,89.13,0,61.08,0.1047,0,1,B
s_1174,c_1,0.79,0.802,0,0.744,69.55,0,71.79,0.0445,0,1,B
s_1175,c_4,0.737,0.988,0,0.868,79.61,2,81.78,0.0649,0,1,B
s_1176,c_4,0.571,0.822,2,0.672,65.03,1,62.3,0.0161,0,1,C
s_1177,c_2,0.597,0.648,1,0.739,72.03,3,46.25,0.0458,1,0,D
s_1178,c_3,0.7,0.351,3,0.427,38.42,7,60.03,0.0003,1,0,D
s_1179,c_2,0.933,0.987,2,0.955,78.66,1,77.75,0.0666,0,1,A
s_1180,c_2,0.871,0.626,2,0.565,55.7,1,52.89,-0.0298,1,1,C
s_1181,c_4,0.966,0.777,2,0.887,81.41,0,77.25,0.0893,0,1,A
s_1182,c_1,0.317,0.436,4,0.656,56.46,4,20.48,0.05,1,0,F
s_1183,c_5,0.203,0.475,2,0.75,33.27,3,49.77,0.011,1,0,F
s_1184,c_1,0.697,0.695,1,0.717,48.76,4,74.37,-0.01,1,0,C
s_1185,c_4,0.89,0.698,0,0.785,67.98,2,35.0,0.0449,0,0,D
s_1186,c_1,0.877,0.855,0,0.7,67.63,0,65.95,0.0441,1,0,B
s_1187,c_2,0.65,0.596,0,0.743,57.84,2,79.76,0.0698,0,1,C
s_1188,c_3,0.693,0.807,1,0.842,58.07,1,43.55,0.0156,0,0,D
s_1189,c_2,0.872,0.998,0,0.894,88.59,1,86.99,0.0681,0,1,A
s_1190,c_5,1.0,0.876,0,0.906,91.17,0,82.19,0.1471,0,1,A
s_1191,c_5,0.379,0.445,3,0.597,32.92,2,51.58,-0.0911,1,0,F
s_1192,c_1,0.569,0.501,5,0.346,48.96,3,27.89,-0.1378,1,0,F
s_1193,c_2,0.585,0.541,2,0.683,75.06,3,60.62,0.0297,0,1,C
s_1194,c_3,0.63,0.608,0,0.703,75.33,1,65.13,0.0231,0,1,C
s_1195,c_5,0.699,0.696,0,0.518,54.34,2,59.56,-0.1346,1,1,D
s_1196,c_4,0.818,0.81,1,0.722,69.25,1,59.61,-0.0085,0,1,C
s_1197,c_1,0.315,0.374,3,0.32,30.29,5,45.36,-0.0773,1,0,F
s_1198,c_5,0.651,0.1,4,0.32,51.42,4,55.2,-0.0969,1,0,D
s_1199,c_2,0.716,0.932,3,0.785,64.55,1,65.21,-0.0155,0,1,C
s_1200,c_4,0.452,0.731,0,1.0,53.88,2,49.94,0.0603,0,1,D
s_1201,c_3,0.974,0.946,0,0.914,82.69,0,80.4,-0.0104,0,1,A
s_1202,c_5,0.844,0.875,0,0.913,87.53,0,72.54,0.0906,0,1,A
s_1203,c_3,0.337,0.436,4,0.682,54.73,4,36.12,-0.0891,1,0,F
s_1204,c_5,0.831,0.651,2,0.895,51.11,0,43.73,0.1192,0,0,D
s_1205,c_3,0.994,0.79,1,0.882,92.05,0,67.66,-0.0005,0,1,A
s_1206,c_3,1.0,0.851,1,1.0,82.05,0,92.76,0.0472,0,1,A
s_1207,c_3,0.759,0.553,2,0.79,71.56,2,84.85,0.0953,0,1,B
s_1208,c_5,0.936,0.962,1,0.986,71.21,0,79.55,0.1077,0,1,B
s_1209,c_4,0.89,0.983,0,0.992,83.97,0,83.53,0.1064,0,1,A
s_1210,c_4,0.794,0.798,0,0.731,50.13,0,72.29,-0.0022,0,1,C
s_1211,c_5,0.73,0.668,0,0.817,62.08,4,65.69,0.029,0,1,C
s_1212,c_3,0.796,0.773,2,0.74,59.96,0,61.57,0.0019,0,1,C
s_1213,c_4,0.828,0.969,0,0.918,80.04,1,62.24,0.0036,0,1,B
s_1214,c_3,0.897,0.641,0,0.8,51.01,3,59.73,0.0436,0,1,C
s_1215,c_3,0.724,0.771,0,0.923,89.0,1,83.89,0.0803,0,1,A
s_1216,c_3,0.614,0.878,3,0.75,52.23,2,73.13,0.0905,0,1,C
s_1217,c_3,0.795,0.772,1,0.618,87.36,3,63.86,-0.014,1,1,B
s_1218,c_2,0.805,0.76,2,0.754,70.58,1,49.86,-0.0088,0,0,C
s_1219,c_4,0.735,0.792,1,0.703,63.49,0,53.12,0.0011,0,1,C
s_1220,c_1,0.801,0.571,1,0.794,65.01,2,75.34,-0.0202,0,1,B
s_1221,c_1,0.745,0.798,3,0.869,63.8,0,56.32,-0.0018,0,1,C
s_1222,c_2,0.951,0.905,0,1.0,82.06,0,77.14,0.0164,0,1,A
s_1223,c_5,0.709,0.607,1,0.709,60.16,2,57.06,0.0754,0,1,C
s_1224,c_2,0.682,0.74,0,0.747,56.52,1,76.87,0.0269,0,1,C
s_1225,c_2,0.818,0.881,0,0.924,65.79,0,61.03,0.0603,0,1,C
s_1226,c_5,0.32,0.242,2,0.544,20.53,7,27.97,-0.0388,1,0,F
s_1227,c_2,0.602,0.64,1,0.745,82.04,1,57.33,0.0721,0,1,C
s_1228,c_4,0.506,0.344,3,0.589,45.38,6,42.56,0.0141,1,0,F
s_1229,c_3,0.942,0.681,0,0.54,73.64,2,64.38,-0.0558,0,1,B
s_1230,c_3,0.659,0.635,2,0.788,63.09,4,49.85,0.0232,1,0,D
s_1231,c_1,0.844,0.595,1,0.998,87.67,1,69.37,0.0919,0,1,B
s_1232,c_3,0.855,0.783,0,0.541,59.15,0,71.12,0.0084,0,1,C
s_1233,c_5,0.749,0.678,1,0.909,62.94,0,35.0,-0.02,0,0,D
s_1234,c_5,0.863,0.991,1,0.894,71.12,0,84.91,0.0908,0,1,B
s_1235,c_3,0.512,0.907,2,0.595,61.99,0,55.73,0.0298,1,1,D
s_1236,c_5,0.678,0.564,2,0.893,58.85,0,53.96,0.0555,0,1,D
s_1237,c_2,0.8,0.795,0,0.88,78.89,0,62.94,0.0472,0,1,B
s_1238,c_3,0.771,0.724,0,0.908,74.85,1,65.64,0.042,0,1,B
s_1239,c_3,0.861,0.718,0,0.806,84.63,0,72.02,0.1241,0,1,B
s_1240,c_5,0.453,0.484,6,0.439,53.42,3,35.54,-0.1249,1,0,F
s_1241,c_5,0.463,0.1,3,0.75,40.53,5,48.07,0.0265,1,0,F
s_1242,c_1,0.421,0.672,5,0.576,33.37,6,58.52,-0.1295,1,0,F
s_1243,c_5,0.887,0.648,3,0.852,67.91,2,61.38,-0.0681,0,1,C
s_1244,c_4,0.766,0.875,0,0.857,78.09,0,86.2,0.0853,0,1,A
s_1245,c_3,0.313,0.478,5,0.734,47.64,4,50.64,-0.0736,1,0,F
s_1246,c_3,0.708,0.711,1,0.647,64.03,4,78.68,0.0461,0,1,B
s_1247,c_4,0.307,0.462,2,0.188,51.99,7,17.2,-0.1402,1,0,F
s_1248,c_3,0.453,0.38,3,0.454,47.36,2,50.38,-0.0586,1,0,F
s_1249,c_5,0.257,0.24,5,0.288,37.36,2,22.25,-0.2783,1,0,F
s_1250,c_2,0.869,0.752,2,0.663,58.4,0,56.13,0.0235,0,1,C
s_1251,c_4,0.717,0.638,1,0.795,55.18,4,80.96,0.0399,0,1,C
s_1252,c_5,0.49,0.314,6,0.362,47.69,4,13.59,0.0001,1,0,F
s_1253,c_4,0.811,0.683,3,0.91,61.43,1,42.62,0.028,0,0,D
s_1254,c_3,0.868,0.884,1,0.904,75.69,0,73.13,0.0941,0,1,B
s_1255,c_2,0.632,0.566,2,0.745,58.61,1,49.35,-0.049,1,0,D
s_1256,c_1,0.275,0.133,5,0.488,40.53,4,21.62,-0.109,1,0,F
s_1257,c_1,0.787,0.488,0,0.741,69.2,2,76.39,-0.0607,0,1,B
s_1258,c_4,0.855,0.643,0,0.915,75.71,2,66.88,-0.0591,0,1,B
s_1259,c_3,0.743,0.981,0,0.912,70.32,1,70.44,0.0688,1,0,B
s_1260,c_1,0.607,0.741,0,0.799,61.42,3,55.47,0.0036,0,1,D
s_1261,c_4,0.346,0.607,3,0.304,61.95,4,65.0,0.011,1,0,D
s_1262,c_2,0.985,0.858,1,0.888,74.3,1,60.13,0.0495,0,1,B
s_1263,c_5,0.804,0.744,2,0.738,82.68,2,45.97,0.0263,0,0,C
s_1264,c_5,0.359,0.518,2,0.329,28.85,4,36.93,-0.0689,1,0,F
s_1265,c_1,0.828,0.631,0,0.624,54.07,0,65.36,-0.0381,0,1,C
s_1266,c_2,0.734,0.565,0,0.763,61.26,1,64.7,-0.15,0,1,C
s_1267,c_4,0.781,0.834,1,0.709,72.12,1,47.54,0.116,0,0,C
s_1268,c_1,0.721,0.952,1,0.744,61.17,0,68.11,0.1558,0,1,C
s_1269,c_2,0.625,0.619,2,0.809,61.04,0,71.9,0.0371,0,1,C
s_1270,c_2,0.788,0.693,0,0.874,78.11,0,49.19,0.0465,0,0,C
s_1271,c_4,0.691,0.446,3,0.708,44.74,0,59.96,-0.0093,0,0,D
s_1272,c_4,0.553,0.616,4,0.75,43.47,6,58.33,-0.1093,1,0,D
s_1273,c_4,0.452,0.7,2,0.479,35.43,3,39.75,-0.026,1,0,F
s_1274,c_5,0.561,0.805,2,0.88,83.39,0,59.42,0.0186,0,1,C
s_1275,c_4,0.841,0.908,0,0.66,76.73,2,40.33,0.0525,0,0,C
s_1276,c_5,0.713,0.796,1,0.818,61.85,2,50.89,-0.0538,0,1,D
s_1277,c_1,0.628,0.863,0,0.752,62.0,3,62.88,0.0432,0,1,C
s_1278,c_4,0.876,0.57,3,0.696,51.54,1,53.25,-0.001,1,1,D
s_1279,c_3,0.848,0.741,0,0.668,48.67,2,49.31,0.0782,1,0,D
s_1280,c_1,0.576,0.631,2,0.213,50.65,6,43.53,-0.092,1,0,F
s_1281,c_4,0.674,0.491,1,0.714,69.16,0,90.0,-0.0285,0,1,B
s_1282,c_3,0.822,0.756,3,0.675,64.55,0,66.18,-0.0008,0,1,C
s_1283,c_3,0.824,0.947,0,0.98,81.91,1,92.31,0.1087,0,1,A
s_1284,c_4,0.821,0.79,0,0.755,71.97,2,56.34,0.0623,0,1,C
s_1285,c_2,1.0,0.834,0,0.971,78.9,0,79.96,0.0311,0,1,A
s_1286,c_3,0.706,0.861,0,0.652,64.98,0,65.39,0.0082,1,0,C
s_1287,c_5,0.649,0.934,1,0.767,70.11,4,61.15,-0.0617,0,1,C
s_1288,c_3,0.636,0.64,1,0.761,60.82,2,53.54,-0.0057,0,1,D
s_1289,c_4,0.747,0.477,1,0.641,67.88,0,63.73,0.0712,0,1,C
s_1290,c_4,0.934,1.0,0,0.947,55.0,0,87.25,0.0474,0,1,B
s_1291,c_5,0.851,0.952,1,0.956,59.74,0,79.68,0.1036,0,1,B
s_1292,c_2,0.773,0.854,0,0.786,50.27,1,58.73,0.0141,0,1,D
s_1293,c_1,0.804,0.725,0,0.721,50.51,0,66.68,0.0351,0,1,C
s_1294,c_3,0.846,0.881,0,0.927,85.87,0,77.0,0.0861,0,1,A
s_1295,c_5,0.83,0.932,0,0.765,58.86,2,45.01,0.0179,0,0,D
s_1296,c_4,0.634,0.798,1,0.853,61.66,4,58.22,0.0445,0,1,C
s_1297,c_1,0.974,1.0,2,0.891,73.61,0,54.16,0.1476,0,1,B
s_1298,c_4,0.556,0.714,0,0.848,43.94,0,49.75,0.1162,1,0,F
s_1299,c_2,0.875,0.885,2,0.962,80.46,0,66.43,0.0781,0,1,B
s_1300,c_3,0.943,0.963,0,0.979,79.62,0,69.92,0.0144,0,1,B
s_1301,c_3,0.839,0.566,3,0.742,82.58,2,69.44,0.0967,1,0,B
s_1302,c_5,0.842,0.595,1,0.87,67.83,2,53.25,0.0355,0,1,C
s_1303,c_1,0.834,0.936,0,0.878,71.33,4,42.97,0.123,0,0,C
s_1304,c_1,0.662,0.559,1,0.487,59.79,1,78.47,0.1215,0,0,C
s_1305,c_1,0.358,0.299,3,0.422,24.96,2,28.45,0.0058,1,0,F
s_1306,c_1,0.786,0.799,1,0.639,64.64,0,81.9,-0.0785,0,1,B
s_1307,c_1,0.639,0.492,3,0.719,63.02,1,54.61,0.0168,1,1,D
s_1308,c_5,0.631,0.661,0,0.616,73.51,1,64.51,-0.0487,0,1,C
s_1309,c_2,0.69,0.857,2,0.764,73.27,0,52.85,-0.0283,0,1,C
s_1310,c_5,0.921,0.536,1,0.806,56.9,2,68.71,0.1095,1,0,C
s_1311,c_2,0.994,0.975,1,1.0,68.16,0,82.32,0.0899,0,1,A
s_1312,c_1,0.872,0.855,0,0.907,78.73,0,61.68,0.0271,0,1,B
s_1313,c_2,0.333,0.612,3,0.534,47.25,3,51.01,-0.0286,1,0,F
s_1314,c_3,0.68,0.681,0,0.743,69.86,2,53.04,0.0931,0,1,C
s_1315,c_1,0.849,0.792,0,0.596,58.67,0,63.2,0.0145,0,1,C
s_1316,c_3,0.832,0.611,0,0.874,78.79,0,63.7,0.0166,0,1,B
s_1317,c_2,0.843,0.791,1,0.907,85.74,1,81.67,0.1075,0,1,A
s_1318,c_5,0.91,0.909,0,1.0,80.07,0,74.76,0.0436,0,1,A
s_1319,c_4,0.839,0.549,2,0.832,60.74,0,73.32,0.0623,0,1,B
s_1320,c_4,0.867,0.86,0,0.744,64.58,0,67.93,0.0687,0,1,B
s_1321,c_2,0.546,0.785,1,0.673,41.03,2,53.41,-0.0154,1,0,F
s_1322,c_4,0.827,0.874,0,0.85,57.7,1,66.66,0.0124,0,1,C
s_1323,c_2,0.591,0.713,0,0.699,64.59,0,54.62,0.0022,0,1,D
s_1324,c_1,0.482,0.366,4,0.204,23.56,5,48.63,-0.1139,1,0,F
s_1325,c_3,0.678,0.618,0,0.77,70.42,2,71.44,-0.0181,0,1,B
s_1326,c_1,0.579,0.651,0,0.679,70.21,0,63.64,-0.0073,0,1,C
s_1327,c_2,0.616,0.833,0,0.763,62.77,2,70.48,-0.0392,0,1,C
s_1328,c_3,0.709,0.646,2,0.681,45.31,2,74.52,0.0117,1,0,C
s_1329,c_1,0.903,0.84,0,0.895,88.05,0,86.19,0.0445,0,1,A
s_1330,c_1,0.622,0.856,0,0.608,59.83,2,73.02,-0.0199,1,0,C
s_1331,c_1,0.586,0.719,1,0.66,44.97,4,68.74,0.0577,1,0,D
s_1332,c_3,0.826,0.795,0,0.958,75.6,0,69.98,0.096,0,1,B
s_1333,c_3,0.894,0.777,0,0.919,71.18,0,75.1,0.068,0,1,B
s_1334,c_4,0.904,0.899,0,0.91,92.64,0,69.59,0.1107,0,1,A
s_1335,c_2,0.946,0.945,0,0.94,70.44,0,66.62,-0.0097,0,1,B
s_1336,c_2,0.348,0.326,6,0.585,57.72,6,46.55,-0.1257,1,0,F
s_1337,c_1,0.851,0.632,0,0.632,69.88,0,65.07,0.0617,0,1,B
s_1338,c_2,0.595,0.567,1,0.653,61.02,1,57.13,0.0809,0,1,D
s_1339,c_3,0.905,0.897,0,0.938,85.53,0,85.21,0.1289,0,1,A
s_1340,c_3,0.668,0.759,0,0.717,73.01,2,57.98,0.0009,0,1,C
s_1341,c_1,0.577,0.727,1,0.807,60.65,1,69.93,-0.0252,0,1,C
s_1342,c_2,0.946,0.815,0,0.938,87.97,0,73.77,0.0585,0,1,A
s_1343,c_3,0.741,0.681,0,0.75,63.25,1,55.15,0.0166,0,1,C
s_1344,c_2,0.567,0.676,2,0.736,72.87,1,61.3,0.0422,0,1,C
s_1345,c_4,0.731,0.799,0,0.57,58.39,2,67.57,0.0371,0,1,C
s_1346,c_2,0.736,0.769,2,0.793,68.8,1,60.63,-0.0241,0,1,C
s_1347,c_1,0.828,1.0,0,1.0,77.95,0,80.07,0.0339,0,1,B
s_1348,c_2,0.57,0.689,3,0.662,40.0,3,82.41,0.0235,1,0,C
s_1349,c_3,0.734,0.951,1,0.612,53.19,1,66.59,-0.028,0,1,C
s_1350,c_2,0.911,0.691,2,0.578,57.61,3,54.95,0.2,1,1,C
s_1351,c_3,0.601,0.368,4,0.36,16.32,6,53.09,-0.1059,1,0,F
s_1352,c_5,0.604,0.811,2,0.832,71.83,0,57.25,-0.0336,0,1,C
s_1353,c_2,0.936,0.947,1,0.877,88.66,0,69.47,0.1103,0,1,A
s_1354,c_5,0.874,0.824,0,1.0,90.33,0,91.12,0.0052,0,1,A
s_1355,c_4,0.637,0.77,0,0.705,64.88,0,44.55,-0.0298,0,0,D
s_1356,c_2,0.939,0.836,0,0.922,73.39,0,62.8,0.0564,0,1,B
s_1357,c_3,0.569,0.604,2,0.765,66.43,1,63.52,-0.0203,0,1,C
s_1358,c_4,0.7,0.507,3,0.1,37.44,2,32.7,-0.1227,1,0,F
s_1359,c_1,0.736,0.695,1,0.706,78.21,1,78.23,-0.0373,0,1,B
s_1360,c_5,0.672,0.784,1,0.744,59.48,1,41.63,0.057,1,0,D
s_1361,c_3,0.691,0.75,1,0.821,90.0,0,75.2,0.0136,0,1,B
s_1362,c_5,0.655,0.601,0,0.733,56.39,0,64.01,-0.0661,0,1,C
s_1363,c_4,0.614,0.617,1,0.776,60.84,3,64.48,0.1103,0,1,C
s_1364,c_5,0.485,0.369,6,0.297,47.48,4,35.48,0.0199,1,0,F
s_1365,c_4,0.781,0.597,0,0.838,60.33,1,51.38,0.1107,0,1,C
s_1366,c_5,0.426,0.693,3,0.383,46.36,3,26.75,-0.0873,1,0,F
s_1367,c_1,0.406,0.396,5,0.702,22.06,2,41.24,-0.1154,1,0,F
s_1368,c_2,0.906,0.811,1,0.998,76.9,0,79.5,0.1009,0,1,A
s_1369,c_2,1.0,0.794,0,0.97,81.61,2,70.23,-0.0011,0,1,A
s_1370,c_1,0.995,0.951,2,1.0,76.05,0,76.2,0.0916,0,1,A
s_1371,c_2,0.98,0.818,0,0.865,96.93,1,75.82,-0.0145,0,1,A
s_1372,c_3,0.916,0.964,0,0.968,67.01,0,78.35,0.152,0,1,B
s_1373,c_4,0.836,0.706,1,0.806,43.44,2,69.63,0.0047,0,0,C
s_1374,c_1,0.956,0.966,1,0.968,83.03,0,73.1,0.1266,0,1,A
s_1375,c_4,0.835,0.688,0,0.72,62.54,0,60.32,0.1005,0,1,C
s_1376,c_3,0.7,0.619,2,0.748,62.95,1,61.21,-0.0286,0,1,C
s_1377,c_1,0.919,0.839,0,0.924,71.14,0,74.25,0.0768,0,1,B
s_1378,c_4,0.745,0.593,1,0.756,48.33,3,61.27,0.0998,0,0,D
s_1379,c_3,0.546,0.655,3,0.774,54.1,0,54.57,-0.0843,1,1,D
s_1380,c_3,0.872,0.975,0,0.881,90.67,0,77.26,0.1345,0,1,A
s_1381,c_1,0.64,0.548,2,0.809,66.69,2,83.5,0.0847,0,1,B
s_1382,c_1,0.906,0.642,2,0.949,87.8,1,61.94,0.0807,0,1,B
s_1383,c_1,0.372,0.405,3,0.49,37.24,2,46.05,-0.0558,0,1,F
s_1384,c_1,0.635,0.471,2,0.895,64.22,1,73.81,-0.0228,0,1,C
s_1385,c_2,0.638,0.793,0,0.703,60.3,1,72.69,0.0882,0,1,C
s_1386,c_3,0.743,0.824,2,0.674,62.62,1,72.97,-0.0072,0,1,C
s_1387,c_4,0.953,0.857,2,0.817,75.23,0,67.91,0.1265,0,1,B
s_1388,c_1,0.693,0.729,2,0.759,80.95,2,86.32,0.0312,0,1,A
s_1389,c_2,0.796,0.884,0,0.704,66.86,1,52.93,0.051,0,1,C
s_1390,c_2,0.192,0.338,6,0.337,49.22,2,22.26,-0.0862,1,0,F
s_1391,c_4,0.682,0.618,0,0.708,51.34,2,55.56,-0.0644,1,1,D
s_1392,c_5,0.698,0.823,1,0.858,55.16,1,56.75,-0.0882,0,1,D
s_1393,c_2,0.859,0.575,0,0.765,61.63,0,43.07,-0.045,0,0,D
s_1394,c_3,0.61,0.68,2,0.864,89.99,1,47.59,-0.1079,1,0,C
s_1395,c_5,0.14,0.402,4,0.476,56.46,5,33.5,-0.0781,1,0,F
s_1396,c_2,0.309,0.366,4,0.277,34.86,4,47.25,-0.0299,1,0,F
s_1397,c_2,0.746,0.796,1,0.75,59.32,2,70.89,-0.027,0,1,C
s_1398,c_3,0.653,0.727,1,0.79,46.92,0,72.94,0.0488,0,0,C
s_1399,c_2,1.0,0.524,1,0.792,62.64,1,66.18,-0.0249,0,1,B
s_1400,c_5,0.81,0.925,0,1.0,76.7,2,82.16,-0.0723,0,1,B
s_1401,c_4,0.417,0.486,3,0.669,42.82,5,19.39,-0.1537,0,0,F
s_1402,c_3,0.769,0.829,1,0.785,56.28,4,60.62,0.0608,0,1,C
s_1403,c_1,0.84,0.741,2,0.898,63.11,3,54.36,-0.0818,0,1,C
s_1404,c_3,0.777,0.787,1,0.716,63.52,1,54.19,0.0279,1,0,C
s_1405,c_1,0.183,0.115,2,0.599,51.35,3,57.25,-0.0991,1,1,F
s_1406,c_5,0.584,0.727,0,0.729,76.79,1,52.34,0.016,0,1,C
s_1407,c_5,0.945,0.912,0,0.964,78.99,0,78.65,0.0267,0,1,A
s_1408,c_4,0.276,0.25,4,0.562,61.78,4,52.96,0.0014,1,1,D
s_1409,c_5,0.969,0.792,0,0.968,90.87,0,58.7,0.0888,0,1,B
s_1410,c_1,0.829,0.616,0,0.857,70.54,2,69.12,0.0098,0,1,B
s_1411,c_2,0.48,0.438,2,0.271,48.43,5,35.06,-0.1258,1,0,F
s_1412,c_1,0.399,0.448,6,0.55,35.82,3,44.23,-0.0157,1,0,F
s_1413,c_3,0.639,0.829,1,0.773,64.55,0,51.45,-0.0712,0,1,D
s_1414,c_5,0.553,0.665,2,0.799,52.34,0,83.03,0.0385,0,1,C
s_1415,c_4,0.627,0.629,0,0.732,55.87,2,49.42,0.0425,1,0,D
s_1416,c_3,0.705,0.671,0,0.718,56.03,0,59.13,-0.0643,1,1,C
s_1417,c_4,0.77,0.595,1,0.641,72.94,2,64.38,-0.0082,0,1,B
s_1418,c_4,0.616,0.933,1,0.857,57.27,3,66.07,0.0451,0,1,C
s_1419,c_2,0.683,0.773,0,0.705,54.95,1,69.12,0.0727,0,1,C
s_1420,c_1,0.748,0.663,0,0.643,82.19,1,59.31,0.0361,0,1,B
s_1421,c_2,0.893,0.6,0,0.76,63.49,2,62.81,0.0017,0,1,C
s_1422,c_4,0.957,0.833,0,0.915,74.7,2,67.41,0.171,0,1,B
s_1423,c_1,0.846,0.805,2,0.67,54.4,1,63.75,-0.0275,0,1,C
s_1424,c_4,0.9,1.0,0,0.828,85.57,0,86.68,0.0981,0,1,A
s_1425,c_4,0.813,0.727,1,0.914,78.12,1,53.93,-0.0302,0,1,C
s_1426,c_3,0.81,0.734,3,0.811,56.31,2,65.62,0.0184,0,1,C
s_1427,c_2,0.622,0.1,2,0.698,37.96,4,30.46,-0.026,1,0,F
s_1428,c_5,0.671,0.572,1,0.763,57.82,1,54.81,0.0136,0,1,D
s_1429,c_4,0.797,0.985,2,0.809,57.34,0,93.74,0.0605,0,1,B
s_1430,c_2,0.889,0.77,0,0.915,85.01,2,97.94,0.1078,0,1,A
s_1431,c_1,0.713,0.791,0,0.725,63.9,1,58.44,0.0051,0,1,C
s_1432,c_3,0.665,0.903,0,0.732,46.54,4,62.24,-0.0468,0,0,D
s_1433,c_3,0.911,0.881,1,0.954,88.13,0,70.8,0.0665,0,1,A
s_1434,c_1,0.967,0.922,0,0.956,75.93,0,79.14,0.0565,0,1,A
s_1435,c_3,0.624,0.739,0,0.742,65.74,1,75.31,0.0761,0,1,C
s_1436,c_5,0.934,0.924,0,0.955,82.86,0,79.14,0.0211,0,1,A
s_1437,c_4,0.723,0.743,1,0.837,54.55,0,63.34,-0.0233,0,1,C
s_1438,c_1,0.517,0.953,1,0.771,60.12,1,61.03,0.1053,0,1,D
s_1439,c_1,0.979,0.889,0,0.885,81.56,0,82.27,0.1534,0,1,A
s_1440,c_2,0.936,0.92,2,0.744,81.03,1,79.25,0.0257,0,1,A
s_1441,c_4,0.318,0.294,2,0.431,45.96,4,47.68,-0.0723,1,0,F
s_1442,c_3,0.693,0.641,0,0.821,71.18,1,55.98,0.0041,0,1,C
s_1443,c_5,0.77,0.599,2,0.752,55.25,2,62.25,0.0543,0,1,C
s_1444,c_5,0.828,0.661,1,0.64,40.0,2,58.27,0.08,0,0,D
s_1445,c_1,0.51,0.482,6,0.545,65.0,4,44.86,-0.1017,1,0,D
s_1446,c_1,0.442,0.43,4,0.142,53.87,4,40.71,-0.0536,1,0,F
s_1447,c_5,0.541,0.698,2,0.772,59.21,0,41.77,0.0045,1,0,D
s_1448,c_5,0.786,0.604,0,0.714,69.15,3,76.52,-0.0425,0,1,B
s_1449,c_4,0.889,0.865,0,0.971,78.41,0,86.31,0.0275,0,1,A
s_1450,c_3,0.741,0.91,0,0.724,56.31,2,65.13,0.0707,0,1,C
s_1451,c_2,0.673,0.609,0,0.775,81.01,0,69.54,0.0015,0,1,B
s_1452,c_4,0.515,0.982,3,0.696,68.41,2,67.71,-0.0486,1,1,C
s_1453,c_1,0.295,0.544,4,0.572,44.85,2,49.14,-0.0573,1,0,F
s_1454,c_3,0.922,0.769,0,0.907,65.05,0,68.56,0.0599,0,1,B
s_1455,c_3,0.738,0.818,0,0.756,82.95,1,59.25,-0.0429,0,1,B
s_1456,c_4,0.884,0.85,0,0.929,79.77,2,78.48,0.1286,0,1,A
s_1457,c_2,0.619,0.498,0,0.644,64.9,1,75.3,-0.0297,0,1,C
s_1458,c_2,0.927,0.844,0,0.9,70.77,0,69.93,0.0952,0,1,B
s_1459,c_5,0.903,0.702,0,0.93,78.57,0,68.88,-0.0118,0,1,B
s_1460,c_3,0.853,0.826,0,0.77,80.07,0,79.09,0.0366,0,1,A
s_1461,c_3,0.715,0.67,1,0.903,76.22,2,57.96,-0.0065,0,1,C
s_1462,c_2,0.703,0.536,3,0.822,62.13,3,75.18,0.0847,0,1,C
s_1463,c_3,0.895,0.825,0,0.852,60.97,0,64.64,0.0852,0,1,C
s_1464,c_5,0.299,0.135,2,0.463,33.65,2,55.81,-0.1399,1,0,F
s_1465,c_5,0.821,0.555,2,0.742,64.78,2,62.52,-0.0004,0,1,C
s_1466,c_4,0.573,0.535,1,0.699,76.41,1,48.82,0.0632,1,0,C
s_1467,c_2,0.491,0.248,3,0.487,38.26,5,33.64,-0.0949,1,0,F
s_1468,c_1,0.814,0.97,0,0.909,84.02,2,64.88,0.0444,0,1,B
s_1469,c_5,0.424,0.246,3,0.56,29.71,5,37.95,0.0059,1,0,F
s_1470,c_1,0.904,0.903,0,0.931,78.1,0,85.09,0.0865,0,1,A
s_1471,c_3,0.55,0.441,4,0.441,36.18,3,10.0,-0.1973,1,0,F
s_1472,c_5,0.904,1.0,0,0.942,85.91,0,92.5,0.1283,0,1,A
s_1473,c_5,0.541,0.466,2,0.606,61.35,6,42.81,0.0422,1,0,D
s_1474,c_4,0.693,0.845,1,0.831,78.79,0,83.54,-0.0991,0,1,B
s_1475,c_5,0.514,0.575,5,0.501,41.74,2,37.77,-0.0282,1,0,F
s_1476,c_2,0.973,0.813,0,0.896,75.66,0,84.29,0.0629,0,1,A
s_1477,c_1,0.655,0.801,2,0.711,56.29,1,65.23,-0.0204,0,1,C
s_1478,c_3,0.541,0.217,4,0.682,46.02,4,29.08,-0.0705,1,0,F
s_1479,c_1,0.61,0.769,0,0.579,59.43,2,61.99,-0.0213,0,1,C
s_1480,c_2,0.627,0.791,1,0.94,63.76,3,47.57,-0.0373,0,0,D
s_1481,c_3,0.861,0.671,1,0.875,72.4,2,79.94,0.0257,0,1,B
s_1482,c_4,0.954,0.66,0,0.746,50.96,4,48.43,-0.1039,1,0,D
s_1483,c_5,0.737,0.657,0,0.644,43.97,3,50.06,-0.0063,1,0,D
s_1484,c_1,0.693,0.698,0,0.809,71.67,3,66.8,0.0606,0,1,C
s_1485,c_5,0.509,0.518,4,0.537,39.59,5,33.0,-0.1261,1,0,F
s_1486,c_2,0.918,0.916,0,0.917,74.71,1,74.22,0.0654,0,1,B
s_1487,c_4,0.708,0.675,1,0.74,74.9,2,67.7,-0.0218,0,1,B
s_1488,c_1,0.511,0.452,4,0.278,54.14,5,31.4,-0.0018,1,0,F
s_1489,c_4,0.318,0.661,2,0.335,31.46,3,27.06,-0.0621,1,0,F
s_1490,c_4,0.753,0.603,0,0.783,81.21,1,66.87,-0.0541,0,1,B
s_1491,c_5,0.787,0.677,1,0.815,67.54,3,35.0,0.0151,0,0,D
s_1492,c_5,0.697,0.873,0,0.853,61.63,2,55.56,-0.0109,0,1,C
s_1493,c_1,0.892,0.953,0,0.775,96.5,0,72.3,0.1093,0,1,A
s_1494,c_2,0.749,0.639,0,0.753,41.71,2,59.53,-0.0457,0,0,D
s_1495,c_1,0.683,0.678,0,0.709,81.09,2,70.32,0.0152,0,1,B
s_1496,c_5,0.738,0.801,0,0.908,61.9,2,72.69,0.0092,0,1,C
s_1497,c_2,0.957,0.914,0,0.906,86.53,0,73.8,0.0059,0,1,A
s_1498,c_4,0.515,0.7,3,0.384,59.65,5,36.04,-0.0946,1,0,F
s_1499,c_1,0.614,0.368,3,0.504,56.62,3,58.78,0.05,1,1,D
s_1500,c_2,1.0,0.896,1,0.854,53.39,0,68.28,0.0438,0,1,C
s_1501,c_4,0.748,0.863,2,0.628,78.63,2,68.58,-0.0935,0,1,B
s_1502,c_2,0.672,0.532,2,0.685,73.32,0,54.45,-0.0599,1,1,C
s_1503,c_3,0.748,0.731,1,0.737,56.48,0,72.71,-0.0348,0,1,C
s_1504,c_5,0.86,0.744,0,0.863,66.57,1,49.48,-0.0065,0,0,C
s_1505,c_1,0.976,0.897,0,0.833,74.42,0,73.15,0.0673,1,0,B
s_1506,c_5,0.387,0.387,6,0.341,44.31,4,33.55,-0.0694,1,0,F
s_1507,c_5,0.812,1.0,1,0.66,55.0,1,75.74,0.0353,0,1,C
s_1508,c_1,0.489,0.446,2,0.409,18.59,4,56.77,-0.1439,1,0,F
s_1509,c_5,0.52,0.872,0,0.639,73.67,0,82.44,0.0796,0,1,B
s_1510,c_2,0.856,0.664,2,0.566,56.85,1,49.94,0.0059,1,0,D
s_1511,c_2,0.763,0.789,1,0.795,65.19,4,68.7,-0.0234,0,1,C
s_1512,c_3,0.564,0.382,3,0.519,42.74,4,30.77,-0.0968,1,0,F
s_1513,c_3,0.397,0.255,3,0.345,46.94,3,56.2,-0.1834,1,0,F
s_1514,c_3,0.856,0.896,1,0.816,82.49,0,80.75,0.0173,0,1,A
s_1515,c_5,1.0,0.84,0,0.857,72.29,0,77.46,0.0132,0,1,B
s_1516,c_2,0.649,0.777,0,0.818,64.47,3,55.73,-0.0607,0,1,C
s_1517,c_5,0.734,0.956,1,0.8,71.57,1,63.51,0.0945,0,1,C
s_1518,c_3,0.253,0.569,2,0.553,37.64,6,10.0,-0.1168,1,0,F
s_1519,c_4,0.915,0.928,0,0.977,89.23,0,76.42,0.0898,0,1,A
s_1520,c_3,0.676,0.713,1,0.884,75.08,2,55.08,-0.0067,0,1,C
s_1521,c_4,0.712,0.623,0,0.554,76.61,2,70.71,-0.0893,0,1,B
s_1522,c_4,0.421,0.391,5,0.518,35.89,7,33.32,-0.0272,1,0,F
s_1523,c_4,0.782,0.444,1,0.758,65.37,1,67.82,0.003,0,1,C
s_1524,c_1,0.861,0.555,1,0.793,52.24,0,75.29,-0.1247,0,1,C
s_1525,c_5,0.63,0.657,1,0.93,65.71,1,58.51,-0.111,0,1,C
s_1526,c_1,0.598,0.687,0,0.727,63.58,3,81.79,0.0615,0,1,B
s_1527,c_4,0.665,0.78,1,0.59,51.8,2,44.59,-0.0596,1,0,D
s_1528,c_2,0.82,0.944,0,0.952,70.9,1,75.87,0.0971,0,1,B
s_1529,c_1,0.426,0.7,2,0.446,46.42,3,25.98,-0.0133,1,0,F
s_1530,c_1,0.831,0.683,3,0.709,71.44,1,57.79,0.0103,0,1,C
s_1531,c_2,0.605,0.552,5,0.426,31.86,6,37.98,-0.2123,1,0,F
s_1532,c_3,0.433,0.598,4,0.306,17.22,2,35.47,-0.1999,1,0,F
s_1533,c_4,0.581,0.627,3,0.718,65.14,0,60.08,0.0115,1,1,C
s_1534,c_5,0.656,0.371,1,0.598,74.48,0,53.71,0.033,0,1,C
s_1535,c_3,0.511,0.408,2,0.233,53.24,2,39.22,-0.0121,1,0,F
s_1536,c_1,0.593,0.655,1,0.768,60.86,1,73.42,0.0156,0,1,C
s_1537,c_2,0.888,0.854,0,0.925,81.39,0,69.54,0.1038,0,1,B
s_1538,c_5,0.787,0.841,1,0.692,65.91,2,71.27,0.0263,0,1,B
s_1539,c_2,0.993,0.927,0,0.977,75.52,0,60.63,0.0601,0,1,B
s_1540,c_3,0.1,0.447,4,0.307,48.86,5,48.32,-0.0988,1,0,F
s_1541,c_4,0.858,0.619,0,0.775,64.88,2,62.08,-0.0787,0,1,C
s_1542,c_3,0.872,0.816,0,0.776,64.2,0,74.07,0.0484,0,1,B
s_1543,c_2,0.848,0.3,0,0.768,78.45,0,60.36,0.0405,0,1,B
s_1544,c_1,0.712,0.475,1,0.704,79.91,3,59.01,0.0216,0,1,C
s_1545,c_4,0.68,0.611,2,0.734,64.75,1,62.64,-0.0262,0,1,C
s_1546,c_1,0.93,0.816,0,1.0,86.61,1,77.72,0.0457,0,1,A
s_1547,c_5,0.756,0.738,3,0.795,62.38,1,55.1,0.0144,0,1,C
s_1548,c_2,0.558,0.656,0,0.705,52.85,1,46.95,-0.0564,1,0,D
s_1549,c_1,0.741,0.633,1,0.709,66.45,0,62.82,0.0721,0,1,C
s_1550,c_2,0.543,0.744,3,0.799,72.55,0,61.8,-0.0486,0,1,C
s_1551,c_3,0.494,0.563,3,0.235,55.81,4,35.07,-0.0652,1,0,F
s_1552,c_2,0.817,0.619,0,0.753,70.17,1,55.55,-0.0012,0,1,C
s_1553,c_1,0.783,0.69,0,0.594,90.0,2,69.67,-0.0402,0,1,B
s_1554,c_3,0.454,0.276,5,0.31,22.58,2,45.8,-0.1446,1,0,F
s_1555,c_4,0.921,0.794,0,0.772,59.69,0,72.87,0.0724,0,1,B
s_1556,c_2,1.0,0.706,1,0.792,77.11,0,66.38,0.0964,0,1,B
s_1557,c_3,0.768,0.894,0,0.867,72.86,0,66.16,0.0437,0,1,B
s_1558,c_5,0.595,0.668,3,0.933,70.98,1,55.43,-0.0905,1,1,C
s_1559,c_5,0.755,0.551,1,0.828,70.95,0,72.23,-0.078,0,1,B
s_1560,c_3,0.761,1.0,1,0.696,62.91,0,40.58,-0.0436,0,0,D
s_1561,c_4,1.0,0.8,0,0.877,85.02,0,65.57,-0.0099,0,1,A
s_1562,c_1,1.0,0.896,0,0.95,85.17,0,75.5,0.0156,0,1,A
s_1563,c_5,0.889,0.897,0,0.891,76.91,0,65.76,0.1414,0,1,B
s_1564,c_4,0.655,0.761,2,0.762,64.06,1,61.65,0.1323,0,1,C
s_1565,c_1,0.755,0.829,0,0.763,74.06,3,65.73,0.0304,0,1,B
s_1566,c_2,0.724,0.831,0,0.959,64.65,0,60.33,0.0736,0,1,C
s_1567,c_5,0.681,0.725,2,0.802,61.53,2,52.17,0.0415,0,1,D
s_1568,c_1,0.547,0.285,4,0.474,32.25,7,19.22,-0.1403,1,0,F
s_1569,c_2,0.664,0.624,1,0.539,63.48,1,70.79,0.0519,0,1,C
s_1570,c_5,1.0,0.733,2,0.873,49.19,1,84.97,0.0525,0,0,B
s_1571,c_1,0.691,0.652,1,0.799,73.34,2,49.91,-0.093,0,0,C
s_1572,c_4,0.753,0.754,1,0.592,62.53,3,52.41,0.0237,0,1,C
s_1573,c_5,0.73,0.839,0,0.798,84.61,0,75.83,0.0273,1,1,B
s_1574,c_4,0.501,0.361,4,0.434,40.46,4,47.81,-0.1247,0,1,F
s_1575,c_2,0.698,0.543,6,0.602,59.55,4,65.0,-0.0525,1,1,C
s_1576,c_3,0.927,0.973,0,0.937,81.11,0,84.88,0.0363,0,1,A
s_1577,c_3,0.496,0.264,6,0.623,30.39,3,22.52,0.0,1,0,F
s_1578,c_1,0.784,0.66,2,0.694,64.67,2,55.06,0.0264,0,1,C
s_1579,c_3,0.938,0.723,2,0.841,63.66,2,89.41,-0.0065,0,1,B
s_1580,c_4,0.736,0.573,2,0.631,59.03,2,52.53,0.029,1,1,D
s_1581,c_5,0.343,0.473,2,0.573,54.81,5,38.37,0.05,1,0,F
s_1582,c_2,0.615,0.562,1,0.72,76.75,2,56.23,-0.0476,0,1,C
s_1583,c_1,0.984,0.772,2,0.982,71.03,1,63.98,-0.0064,0,1,B
s_1584,c_5,0.866,0.796,1,0.686,69.28,3,50.86,0.0234,0,1,C
s_1585,c_3,0.825,0.984,0,0.85,90.69,0,78.5,0.0562,0,1,A
s_1586,c_3,0.852,0.73,0,0.893,80.92,0,70.86,0.1016,0,1,B
s_1587,c_3,0.952,0.887,0,0.954,81.96,0,76.54,0.0364,0,1,A
s_1588,c_4,0.865,0.918,2,0.836,70.9,1,84.39,0.2178,0,1,B
s_1589,c_1,0.936,0.822,0,1.0,73.11,0,70.18,0.1332,0,1,B
s_1590,c_5,0.992,0.862,1,1.0,86.46,0,78.93,0.1031,0,1,A
s_1591,c_5,0.873,0.607,1,0.606,73.27,1,65.32,-0.0228,0,1,B
s_1592,c_4,0.87,0.942,1,0.975,73.49,0,74.43,0.159,0,1,B
s_1593,c_3,0.718,0.782,0,0.883,87.09,0,82.81,-0.043,0,1,A
s_1594,c_4,0.302,0.535,3,0.418,61.72,5,29.0,-0.187,1,0,F
s_1595,c_5,0.676,0.777,0,0.734,55.82,0,43.56,0.0165,1,0,D
s_1596,c_4,0.739,0.625,3,0.928,68.4,1,59.14,-0.0681,1,1,C
s_1597,c_3,0.806,0.848,1,0.921,70.32,0,69.62,0.1564,0,1,B
s_1598,c_2,0.849,0.872,0,0.955,89.34,1,68.64,0.0792,1,0,A
s_1599,c_2,0.969,0.934,0,0.767,78.8,0,73.41,0.0611,0,1,A
s_1600,c_1,0.768,0.995,0,0.913,69.73,2,85.1,-0.0,0,1,B
s_1601,c_2,0.823,0.509,2,0.746,62.02,0,47.03,-0.0982,1,0,C
s_1602,c_1,0.969,0.89,0,0.9,84.49,0,69.96,-0.0021,0,1,A
s_1603,c_1,0.875,0.865,0,0.988,79.67,2,64.64,-0.0085,0,1,B
s_1604,c_3,0.849,0.81,1,0.947,77.09,0,87.39,0.0789,0,1,A
s_1605,c_4,0.903,0.617,1,0.72,80.21,1,53.22,0.0275,0,1,B
s_1606,c_4,0.82,0.789,0,0.946,73.42,0,80.38,0.0565,0,1,B
s_1607,c_1,0.597,0.599,0,1.0,68.02,1,37.48,-0.0141,0,0,D
s_1608,c_2,0.675,0.655,3,0.813,76.12,1,73.12,0.0512,0,1,B
s_1609,c_2,0.8,0.607,1,0.814,66.54,0,59.79,-0.0108,1,0,C
s_1610,c_4,0.815,0.885,1,0.979,87.21,1,72.65,0.0492,0,1,A
s_1611,c_2,0.518,0.676,2,0.851,52.22,0,68.26,0.0254,0,1,D
s_1612,c_2,0.685,0.63,0,0.838,64.04,0,72.55,0.0777,0,1,C
s_1613,c_2,0.885,0.81,0,0.905,81.28,0,75.05,0.1355,0,1,A
s_1614,c_2,0.355,0.576,4,0.351,35.7,3,26.99,0.05,1,0,F
s_1615,c_3,0.372,0.543,4,0.369,58.48,5,36.24,-0.1002,1,0,F
s_1616,c_4,0.948,0.844,0,0.904,94.46,0,76.71,0.0717,0,1,A
s_1617,c_1,0.839,0.78,0,0.8,54.0,1,40.09,-0.067,0,0,D
s_1618,c_4,0.669,0.768,0,0.79,58.2,0,48.57,-0.0468,0,0,D
s_1619,c_1,0.539,0.842,1,0.668,60.73,0,65.46,-0.0307,0,1,C
s_1620,c_3,0.978,0.859,0,0.891,69.39,0,68.28,0.089,0,1,B
s_1621,c_3,1.0,0.765,1,0.854,83.51,0,85.58,0.1177,0,1,A
s_1622,c_5,0.719,0.654,0,0.663,76.11,2,76.53,0.0356,0,1,B
s_1623,c_5,0.753,0.602,0,0.824,57.94,2,61.1,0.0284,0,1,C
s_1624,c_5,0.814,0.515,1,0.848,62.5,1,57.01,0.0043,0,1,C
s_1625,c_3,0.697,0.766,0,0.88,66.38,0,68.3,-0.0416,0,1,C
s_1626,c_1,0.793,0.918,1,0.93,64.3,3,60.65,0.0157,0,1,C
s_1627,c_1,0.771,0.763,1,0.846,51.04,0,70.63,-0.0439,0,1,C
s_1628,c_4,0.872,0.938,0,0.89,70.71,2,65.02,0.0858,0,1,B
s_1629,c_3,0.81,0.661,0,0.64,58.81,1,74.55,-0.0608,0,1,C
s_1630,c_3,0.861,0.642,1,0.745,71.61,3,53.32,0.0924,0,1,C
s_1631,c_2,0.28,0.295,4,0.413,48.54,2,38.3,-0.0273,1,0,F
s_1632,c_5,0.748,0.465,0,0.736,55.3,0,75.04,-0.0662,0,1,C
s_1633,c_2,0.86,0.56,0,0.879,60.15,2,52.09,0.0495,0,1,C
s_1634,c_4,0.873,0.815,0,0.722,77.33,1,77.7,0.0756,0,1,B
s_1635,c_3,0.851,0.51,1,0.674,61.94,0,68.49,0.1624,0,1,C
s_1636,c_5,0.602,0.748,0,0.804,70.64,0,65.13,0.05,0,1,C
s_1637,c_5,0.941,0.917,0,0.917,80.54,1,71.83,0.121,0,1,B
s_1638,c_3,0.668,0.577,1,0.425,76.95,0,62.91,-0.0122,0,0,C
s_1639,c_3,0.759,0.77,2,0.64,64.85,2,58.91,-0.0742,0,1,C
s_1640,c_3,0.985,0.962,0,0.913,69.95,0,60.06,0.145,0,1,B
s_1641,c_2,0.826,0.506,1,0.812,68.84,0,67.72,0.0057,0,1,B
s_1642,c_4,0.803,0.898,0,0.945,65.66,0,81.37,0.0596,0,1,B
s_1643,c_2,0.818,0.859,3,0.734,76.03,0,83.43,-0.0048,0,1,A
s_1644,c_4,0.771,0.986,0,0.954,68.38,0,66.39,0.0829,0,1,C
s_1645,c_5,0.485,0.636,4,0.292,57.32,4,17.78,-0.0088,1,0,F
s_1646,c_3,0.797,0.7,1,0.527,83.81,0,35.84,0.0216,0,0,C
s_1647,c_2,0.687,0.786,0,0.681,78.89,1,70.25,0.0244,0,1,B
s_1648,c_4,0.649,0.658,3,0.674,61.06,0,54.62,0.0181,1,1,D
s_1649,c_5,0.689,0.509,0,0.64,82.97,0,68.57,-0.0582,0,1,B
s_1650,c_5,0.792,0.925,2,0.866,73.67,0,80.46,0.1197,0,1,B
s_1651,c_5,0.593,0.884,3,0.773,64.15,3,71.16,-0.0278,0,1,C
s_1652,c_1,0.806,0.375,0,0.705,47.71,0,66.24,0.0522,0,0,C
s_1653,c_5,0.667,0.752,0,0.65,64.74,1,61.26,0.0084,0,1,C
s_1654,c_2,0.679,0.784,0,0.642,62.79,0,63.73,0.0743,0,1,C
s_1655,c_4,0.988,0.967,1,0.912,73.24,2,88.21,0.0724,0,1,A
s_1656,c_1,0.712,0.796,2,0.528,51.0,0,75.38,-0.1336,0,1,C
s_1657,c_5,0.484,0.778,1,0.606,48.0,1,58.6,-0.0099,1,0,D
s_1658,c_4,0.825,0.69,1,0.853,70.92,2,65.67,-0.1396,0,1,B
s_1659,c_1,0.708,0.745,0,0.553,73.67,0,71.0,-0.0626,0,1,B
s_1660,c_4,0.801,0.74,1,0.832,65.83,3,43.18,-0.0136,0,0,D
s_1661,c_3,0.354,0.319,6,0.318,30.67,5,29.48,-0.1289,1,0,F
s_1662,c_3,0.694,0.744,1,0.857,64.15,2,84.71,0.0195,0,1,B
s_1663,c_2,0.945,1.0,0,0.919,75.23,0,77.99,0.0748,0,1,A
s_1664,c_2,0.898,0.964,0,0.929,73.35,0,64.85,0.0242,0,1,B
s_1665,c_3,0.883,0.851,2,1.0,80.07,0,64.28,0.1157,0,1,B
s_1666,c_3,0.788,0.864,1,0.954,80.28,1,83.77,0.084,0,1,A
s_1667,c_4,0.982,0.91,0,0.873,72.74,0,59.33,-0.0081,0,1,B
s_1668,c_2,1.0,0.795,1,0.93,84.58,0,69.33,-0.0557,0,1,A
s_1669,c_3,0.524,0.522,0,1.0,63.89,1,52.45,0.0434,0,1,D
s_1670,c_5,0.795,0.879,0,0.878,76.62,1,67.63,0.0855,1,0,B
s_1671,c_2,0.69,0.314,3,0.248,57.58,5,36.25,-0.0785,1,0,D
s_1672,c_1,0.901,0.855,0,0.936,83.81,0,84.67,0.0864,0,1,A
s_1673,c_5,0.847,0.791,3,0.79,73.37,0,63.1,0.1461,0,1,B
s_1674,c_2,0.787,0.756,0,0.866,75.52,2,78.59,0.0774,0,1,B
s_1675,c_5,0.325,0.367,4,0.405,25.47,4,41.38,-0.0653,1,0,F
s_1676,c_3,1.0,1.0,0,0.892,79.23,0,67.27,0.0808,0,1,B
s_1677,c_1,0.738,0.745,2,0.81,58.46,2,48.7,-0.0251,1,0,D
s_1678,c_5,0.685,0.368,2,0.358,54.16,3,32.84,-0.0696,0,0,F
s_1679,c_4,0.275,0.396,3,0.509,25.18,4,33.07,0.0014,1,0,F
s_1680,c_1,0.628,0.641,1,0.717,64.67,0,61.09,0.006,0,1,C
s_1681,c_2,0.953,0.72,0,0.4,65.75,0,61.51,0.1057,0,0,C
s_1682,c_4,1.0,0.906,0,0.937,67.93,0,87.28,0.1615,0,1,A
s_1683,c_5,0.85,0.815,1,0.851,46.33,1,57.95,0.0522,0,0,D
s_1684,c_5,0.633,0.468,4,0.477,38.92,2,50.7,-0.0013,1,0,F
s_1685,c_1,0.797,0.719,0,0.862,67.32,0,64.53,0.0174,0,1,C
s_1686,c_4,0.669,0.721,1,0.633,64.89,3,63.35,0.0091,0,1,C
s_1687,c_4,0.709,0.586,0,0.796,70.48,2,70.58,0.0415,0,1,B
s_1688,c_5,0.588,0.857,3,0.789,56.65,0,58.95,-0.0303,1,1,D
s_1689,c_4,0.754,0.934,0,0.923,74.6,0,74.38,0.0193,0,1,B
s_1690,c_3,0.799,0.487,0,0.734,70.27,3,69.78,0.0566,0,1,B
s_1691,c_1,0.758,0.792,0,0.727,53.75,0,78.42,0.0496,0,1,C
s_1692,c_2,0.731,0.648,2,0.781,53.73,1,61.38,0.0252,0,1,C
s_1693,c_3,0.888,0.862,0,0.868,91.48,1,86.8,0.0507,0,1,A
s_1694,c_4,0.932,0.758,0,0.815,86.16,0,86.71,0.0999,0,1,A
s_1695,c_1,0.771,0.563,1,0.765,78.97,0,77.98,-0.1211,0,1,B
s_1696,c_2,0.572,0.62,0,0.852,78.62,2,46.77,-0.0346,0,0,C
s_1697,c_5,0.694,0.703,1,0.806,63.44,2,45.37,0.0421,0,0,D
s_1698,c_1,1.0,0.957,0,0.99,63.88,0,85.49,0.1024,0,1,B
s_1699,c_3,0.606,0.661,0,0.954,59.67,3,63.63,-0.0034,0,1,C
s_1700,c_5,0.594,0.805,2,0.557,63.51,1,74.06,-0.1108,1,1,C
s_1701,c_5,0.926,0.755,0,0.785,83.67,0,86.45,0.1509,0,1,A
s_1702,c_1,0.672,0.695,0,0.808,65.91,1,64.13,0.0886,0,1,C
s_1703,c_2,0.936,0.867,0,0.97,66.52,1,83.37,0.1184,0,1,B
s_1704,c_2,0.922,0.867,0,0.904,85.31,0,80.75,0.0425,0,1,A
s_1705,c_5,0.553,0.561,4,0.359,31.78,4,57.18,-0.1343,1,0,F
s_1706,c_5,0.821,0.743,2,0.738,60.56,0,64.41,-0.0416,0,1,C
s_1707,c_2,0.681,0.782,0,0.733,71.04,1,54.98,0.0737,0,1,C
s_1708,c_4,0.691,0.362,0,0.843,71.27,0,63.31,-0.0164,0,1,C
s_1709,c_1,0.929,0.649,2,0.795,63.96,1,79.32,0.0555,0,1,B
s_1710,c_4,0.912,0.743,1,0.803,49.85,2,77.96,0.0026,0,0,C
s_1711,c_1,0.958,0.801,0,0.794,54.17,1,53.94,0.0108,0,1,C
s_1712,c_2,0.768,0.564,2,0.611,75.33,2,54.79,-0.0527,0,1,C
s_1713,c_5,0.745,0.787,2,0.79,63.85,2,59.17,0.0267,0,1,C
s_1714,c_5,0.677,0.502,0,0.809,78.17,2,86.76,0.0789,0,1,B
s_1715,c_5,0.448,0.439,3,0.5,36.16,5,54.58,-0.0145,0,1,F
s_1716,c_2,0.972,0.532,2,0.605,64.06,2,48.89,0.0178,0,0,C
s_1717,c_4,0.438,0.547,4,0.563,44.51,2,65.0,-0.0792,1,0,D
s_1718,c_2,0.923,0.755,1,0.83,87.07,0,84.94,0.0463,0,1,A
s_1719,c_4,0.807,0.991,0,0.84,62.74,1,60.08,0.1129,0,1,C
s_1720,c_4,0.381,0.509,4,0.325,40.68,4,27.18,-0.077,1,0,F
s_1721,c_2,0.858,0.815,0,0.909,89.28,1,75.38,0.0993,0,1,A
s_1722,c_3,0.854,0.839,1,0.922,71.41,0,87.19,0.1518,0,1,A
s_1723,c_1,0.615,0.583,0,0.649,53.83,1,49.7,0.1024,1,0,D
s_1724,c_4,0.724,0.715,0,0.881,65.54,2,75.44,0.1064,0,1,B
s_1725,c_1,0.967,0.568,1,0.863,79.64,0,52.46,0.0152,1,1,B
s_1726,c_5,0.985,0.879,0,0.894,83.3,0,71.31,0.1057,0,1,A
s_1727,c_2,0.852,0.585,0,0.658,66.26,2,77.95,-0.0662,0,1,B
s_1728,c_1,0.898,1.0,2,0.883,79.44,2,74.98,0.0979,0,1,B
s_1729,c_5,1.0,0.842,0,0.964,70.21,2,74.46,-0.0155,0,1,B
s_1730,c_3,0.895,0.961,0,0.966,68.41,1,69.31,-0.0015,0,1,B
s_1731,c_5,0.805,0.659,0,0.718,68.14,3,64.33,0.1281,0,1,C
s_1732,c_5,0.658,0.594,1,0.889,66.42,2,77.48,0.0345,0,1,B
s_1733,c_3,0.716,0.884,1,0.811,67.23,0,56.45,0.0177,0,1,C
s_1734,c_1,0.597,0.851,0,0.914,70.97,0,46.57,0.0627,0,0,D
s_1735,c_4,0.462,0.287,3,0.507,40.77,2,38.3,-0.1197,1,0,F
s_1736,c_5,0.766,0.589,2,0.742,55.11,0,45.35,0.0479,1,0,D
s_1737,c_1,0.568,0.87,3,0.848,85.56,0,65.78,-0.001,0,1,B
s_1738,c_4,0.618,0.573,0,0.659,72.6,0,52.97,0.0423,0,1,C
s_1739,c_2,0.724,0.679,1,0.777,67.06,0,40.27,-0.0407,0,0,D
s_1740,c_1,0.815,0.663,1,0.879,53.89,0,60.95,0.1138,0,1,C
s_1741,c_3,0.819,0.816,0,0.7,74.1,2,71.39,-0.0905,0,1,B
s_1742,c_4,0.7,0.618,1,0.657,69.7,0,57.23,0.0267,0,1,C
s_1743,c_2,0.694,0.607,1,0.738,61.27,0,56.32,0.1375,0,1,C
s_1744,c_3,0.895,0.817,0,0.932,83.0,2,78.85,0.0551,0,1,A
s_1745,c_2,0.33,0.459,4,0.273,50.62,4,45.1,0.0449,1,0,F
s_1746,c_4,0.773,0.699,2,0.662,51.14,1,76.67,-0.0397,0,1,C
s_1747,c_4,0.822,0.652,1,0.953,56.07,2,62.97,-0.0164,0,1,C
s_1748,c_2,0.143,0.393,2,0.541,44.52,2,60.07,0.0121,1,0,F
s_1749,c_2,0.726,0.486,2,0.598,69.97,2,75.01,-0.0026,0,1,B
s_1750,c_5,0.945,0.799,0,0.883,83.92,0,62.62,0.0303,1,0,B
s_1751,c_2,0.396,0.266,3,0.458,62.64,2,33.68,0.0239,1,0,F
s_1752,c_5,0.868,0.712,0,0.526,63.46,2,62.37,0.008,0,1,C
s_1753,c_3,0.76,0.72,2,0.725,51.63,0,77.92,-0.0297,0,1,C
s_1754,c_5,0.877,0.987,0,0.959,86.93,0,75.88,0.1017,0,1,A
s_1755,c_3,0.846,0.752,2,0.807,54.51,0,48.23,0.0117,0,0,D
s_1756,c_2,0.964,0.8,0,0.67,59.95,0,63.2,-0.0823,0,1,C
s_1757,c_3,0.705,0.733,1,0.716,74.01,2,79.64,-0.0973,0,1,B
s_1758,c_1,0.7,0.387,3,0.4,31.55,4,15.11,-0.0737,1,0,F
s_1759,c_4,0.483,0.578,0,0.781,57.38,1,54.17,0.0489,0,1,D
s_1760,c_4,0.915,1.0,1,0.89,85.3,1,72.84,0.1358,0,1,A
s_1761,c_5,0.515,0.618,1,0.783,62.1,0,60.8,-0.0828,0,1,D
s_1762,c_4,0.88,0.893,0,0.907,82.49,0,71.5,0.1221,0,1,B
s_1763,c_5,0.67,0.765,0,0.73,81.53,2,68.8,0.0973,0,1,B
s_1764,c_5,0.803,1.0,1,0.851,61.55,0,82.31,0.1299,0,1,B
s_1765,c_1,0.586,0.85,2,0.777,65.41,0,67.97,0.0204,1,0,C
s_1766,c_2,0.695,0.74,1,0.805,58.4,1,58.71,-0.0641,0,1,C
s_1767,c_4,0.475,0.452,3,0.218,60.89,4,46.84,-0.0683,1,0,D
s_1768,c_4,0.844,0.861,0,0.797,79.66,0,82.33,0.0038,0,1,A
s_1769,c_2,0.614,0.916,3,0.687,70.99,0,69.06,0.123,0,1,C
s_1770,c_1,0.884,0.884,0,0.919,80.52,0,84.1,0.0615,0,1,A
s_1771,c_2,0.504,0.624,0,0.881,72.13,2,61.69,-0.0753,0,1,C
s_1772,c_3,0.768,0.991,0,0.974,92.31,1,72.75,0.1396,0,1,A
s_1773,c_4,0.677,0.863,2,0.855,71.53,2,64.37,-0.0336,1,0,C
s_1774,c_5,0.739,0.707,0,0.857,67.19,1,63.25,-0.0376,0,1,C
s_1775,c_3,0.905,0.975,1,0.966,87.7,0,65.94,0.064,0,1,B
s_1776,c_2,0.91,0.733,0,0.957,69.41,0,76.55,0.0522,0,1,B
s_1777,c_4,0.845,0.735,1,0.664,79.21,0,64.35,-0.068,0,1,B
s_1778,c_1,0.818,0.812,0,0.846,76.66,2,50.82,-0.012,0,1,C
s_1779,c_4,0.748,0.689,3,0.864,83.57,1,60.0,0.1076,0,1,B
s_1780,c_1,0.552,0.64,2,0.909,79.65,1,60.71,-0.0424,0,1,C
s_1781,c_1,0.649,0.826,1,0.737,70.09,2,54.05,0.0225,0,1,C
s_1782,c_2,0.705,0.598,0,0.744,73.63,1,62.61,0.0568,0,1,C
s_1783,c_2,0.674,0.578,2,0.826,76.74,0,78.79,0.1242,0,1,B
s_1784,c_2,0.944,1.0,0,0.867,69.91,0,83.89,0.1038,0,1,A
s_1785,c_1,0.238,0.645,4,0.538,41.78,6,17.37,-0.0359,1,0,F
s_1786,c_2,0.78,0.713,1,0.795,57.3,1,71.05,-0.056,0,1,C
s_1787,c_3,0.759,0.559,1,0.876,71.87,2,65.69,0.0439,0,1,B
s_1788,c_4,0.729,0.658,1,0.552,81.83,4,77.93,0.0463,0,1,B
s_1789,c_5,0.495,0.565,4,0.262,60.47,6,48.83,-0.2022,1,0,D
s_1790,c_3,0.964,0.762,0,0.912,73.08,0,85.17,0.0945,0,1,A
s_1791,c_4,0.701,0.802,1,0.48,53.21,2,40.31,0.0273,1,0,D
s_1792,c_5,0.747,0.587,2,0.591,62.08,3,66.85,0.0261,0,1,C
s_1793,c_1,0.771,0.838,0,0.723,51.1,0,62.66,0.0295,0,1,C
s_1794,c_2,1.0,0.841,0,0.896,76.32,0,80.66,0.0956,0,1,A
s_1795,c_4,0.315,0.289,3,0.75,53.49,4,24.47,-0.1101,1,0,F
s_1796,c_1,0.7,0.52,4,0.75,26.11,3,42.84,-0.0973,1,0,F
s_1797,c_4,0.744,0.599,0,0.796,62.05,2,75.3,0.0085,0,1,C
s_1798,c_2,0.583,0.664,0,0.647,63.37,1,74.25,0.0355,0,1,C
s_1799,c_5,0.521,0.414,5,0.355,42.7,6,41.1,0.0049,1,0,F
s_1800,c_3,0.709,0.693,2,0.606,60.59,0,85.33,0.0687,0,1,B
s_1801,c_2,0.903,0.87,0,0.993,78.78,0,54.76,0.0384,0,1,B
s_1802,c_3,0.689,0.932,1,0.535,52.06,1,67.08,-0.0077,0,1,C
s_1803,c_3,0.7,0.678,1,0.724,68.71,3,72.48,0.0573,0,1,B
s_1804,c_5,0.791,0.889,0,0.727,76.29,4,71.52,0.0901,0,1,B
s_1805,c_1,0.743,0.707,0,0.768,55.08,3,68.04,0.0863,0,1,C
s_1806,c_2,0.294,0.604,3,0.523,40.9,6,35.97,0.05,1,0,F
s_1807,c_2,0.357,0.331,4,0.579,40.13,4,46.67,0.0134,1,0,F
s_1808,c_2,0.692,0.694,0,0.755,47.2,1,62.86,0.1167,0,0,D
s_1809,c_1,0.946,0.868,0,0.933,100.0,1,80.24,0.0515,0,1,A
s_1810,c_1,0.509,0.479,2,0.427,39.05,6,59.22,-0.0429,1,0,F
s_1811,c_4,0.716,0.798,1,0.705,75.63,1,42.67,-0.0661,1,0,C
s_1812,c_5,0.844,0.921,2,0.903,81.38,0,79.76,0.1287,0,1,A
s_1813,c_4,0.386,0.43,5,0.582,33.64,6,45.63,-0.0927,1,0,F
s_1814,c_5,0.528,0.412,2,0.54,43.18,4,31.47,-0.0726,1,0,F
s_1815,c_2,0.558,0.742,3,0.701,50.18,0,73.93,0.0085,1,1,C
s_1816,c_1,0.584,0.557,0,0.678,49.17,2,61.49,0.0394,1,0,D
s_1817,c_4,0.669,0.365,3,0.573,90.0,1,54.68,0.0292,1,1,B
s_1818,c_1,0.971,0.76,0,0.895,83.64,1,72.51,0.0869,0,1,A
s_1819,c_3,0.673,0.835,1,0.588,77.79,3,35.0,0.0278,1,0,D
s_1820,c_3,0.725,0.541,2,0.818,71.54,2,68.64,-0.0146,0,1,B
s_1821,c_2,0.881,0.9,0,0.837,83.36,0,76.82,0.1487,0,1,A
s_1822,c_2,0.724,0.902,1,0.4,77.37,0,53.61,-0.0197,0,0,C
s_1823,c_5,0.84,0.652,1,0.769,75.8,4,59.81,-0.015,0,1,B
s_1824,c_5,0.669,0.729,1,0.618,67.51,1,43.83,0.068,0,0,D
s_1825,c_3,0.588,0.378,2,0.412,47.98,2,36.38,0.05,1,0,F
s_1826,c_1,0.408,0.706,0,0.856,72.88,3,53.73,0.1022,0,1,D
s_1827,c_5,0.564,0.787,2,0.629,55.1,0,64.77,-0.0558,1,1,D
s_1828,c_1,0.681,0.696,0,0.942,66.98,3,61.02,-0.0276,0,1,C
s_1829,c_5,0.76,0.617,1,0.731,64.14,1,47.85,-0.0349,0,0,C
s_1830,c_2,0.845,0.867,0,0.939,90.76,0,92.19,0.1174,0,1,A
s_1831,c_1,0.966,0.794,0,0.853,58.69,1,70.87,-0.15,0,1,B
s_1832,c_3,0.766,0.93,0,0.925,97.69,0,93.0,0.0954,0,1,A
s_1833,c_4,0.887,0.963,0,0.958,91.74,0,85.48,0.1199,0,1,A
s_1834,c_5,0.817,0.622,0,0.873,68.54,2,49.77,-0.0603,0,0,C
s_1835,c_3,0.679,0.789,0,0.549,51.76,1,78.7,0.0404,0,1,C
s_1836,c_2,0.17,0.568,2,0.47,45.07,4,12.95,-0.0165,1,0,F
s_1837,c_1,0.667,0.453,0,0.676,56.09,1,72.2,0.0339,0,1,C
s_1838,c_4,0.804,0.669,0,0.724,85.09,0,50.03,-0.0325,0,1,B
s_1839,c_5,0.593,0.91,0,0.793,72.7,1,53.33,0.0227,0,1,C
s_1840,c_3,0.813,0.786,1,0.959,79.3,0,87.61,0.0178,0,1,A
s_1841,c_2,0.681,0.59,0,0.828,65.21,3,59.97,-0.0024,0,1,C
s_1842,c_5,0.957,0.898,2,0.99,83.61,0,79.11,0.0071,0,1,A
s_1843,c_1,0.612,0.277,5,0.514,47.29,5,33.78,-0.0447,1,0,F
s_1844,c_4,0.947,0.877,0,0.957,81.46,1,80.1,0.1382,0,1,A
s_1845,c_3,0.737,0.542,0,0.826,70.24,2,63.05,0.1154,0,1,C
s_1846,c_1,0.957,0.799,0,0.926,80.74,0,82.03,0.0962,0,1,A
s_1847,c_4,0.414,0.323,3,0.38,55.14,7,50.38,-0.1199,1,0,D
s_1848,c_1,0.702,0.689,0,0.7,74.49,2,64.97,-0.0313,0,1,C
s_1849,c_2,0.631,0.625,0,0.828,53.78,0,73.08,0.0114,0,1,C
s_1850,c_1,0.936,0.82,0,0.932,82.89,0,68.5,0.0955,0,1,B
s_1851,c_5,0.785,0.618,1,0.684,59.05,0,54.24,0.0533,0,1,C
s_1852,c_2,0.873,0.911,0,0.983,72.36,0,69.42,0.1298,0,1,B
s_1853,c_1,0.536,0.341,3,0.435,45.56,4,29.16,-0.0281,1,0,F
s_1854,c_5,0.775,0.965,0,0.889,99.46,0,65.65,0.0647,0,1,A
s_1855,c_1,0.955,0.933,0,0.93,84.68,1,87.31,0.1281,0,1,A
s_1856,c_5,0.98,0.83,0,0.916,81.62,0,69.02,-0.0068,0,1,B
s_1857,c_3,0.693,0.612,2,0.662,50.57,2,80.86,0.0784,0,1,C
s_1858,c_3,0.634,0.597,3,0.648,69.02,2,72.13,0.0837,0,1,C
s_1859,c_1,0.904,1.0,0,0.837,81.11,0,66.04,0.0429,0,1,B
s_1860,c_4,0.814,0.722,1,0.867,64.19,1,57.59,0.0526,0,1,C
s_1861,c_4,0.759,0.603,1,0.866,64.78,0,42.55,-0.0153,0,0,D
s_1862,c_1,0.761,0.846,3,0.675,61.91,1,37.19,0.0359,1,0,D
s_1863,c_4,0.633,0.799,2,0.797,64.03,0,81.22,-0.1105,0,1,B
s_1864,c_1,0.914,0.716,0,0.835,59.28,0,57.2,0.0729,0,1,C
s_1865,c_5,0.715,0.469,0,0.796,85.13,2,40.95,0.007,0,0,C
s_1866,c_2,0.868,0.927,0,0.862,84.61,1,77.89,0.0311,0,1,A
s_1867,c_5,0.782,0.953,0,0.883,85.54,1,93.36,-0.0082,0,1,A
s_1868,c_1,0.202,0.7,6,0.469,37.63,6,40.13,-0.0804,1,0,F
s_1869,c_4,0.283,0.275,3,0.39,46.96,7,48.62,-0.1231,1,0,F
s_1870,c_2,0.838,0.661,1,0.896,58.71,3,59.91,0.0501,0,1,C
s_1871,c_3,0.904,0.808,0,0.806,63.62,0,75.16,0.0603,0,1,B
s_1872,c_4,0.69,0.902,1,0.83,81.64,3,46.93,-0.0488,0,0,C
s_1873,c_5,0.74,0.574,0,0.658,70.37,1,67.5,0.0495,0,1,C
s_1874,c_1,0.93,0.752,0,0.946,71.62,0,85.84,0.0964,0,1,A
s_1875,c_5,0.886,0.855,1,0.885,61.26,1,65.47,0.085,0,1,C
s_1876,c_3,0.727,0.719,0,0.747,74.06,1,49.45,0.023,0,0,C
s_1877,c_4,0.581,0.694,0,0.669,63.41,0,70.53,-0.073,0,1,C
s_1878,c_2,0.927,0.996,0,0.942,83.27,0,65.34,-0.0053,0,1,B
s_1879,c_1,0.918,1.0,1,0.946,71.89,0,64.09,0.0557,0,1,B
s_1880,c_2,0.878,0.895,1,0.937,63.2,0,81.72,0.0683,0,1,B
s_1881,c_4,0.86,0.668,0,0.914,68.23,0,65.51,-0.15,0,1,B
s_1882,c_3,1.0,0.866,0,0.975,88.49,1,76.06,0.1659,0,1,A
s_1883,c_2,0.907,0.921,0,0.945,79.38,0,93.88,0.0207,1,1,A
s_1884,c_4,0.845,0.865,0,0.744,60.45,1,79.91,0.0211,0,1,B
s_1885,c_3,0.891,0.915,0,1.0,90.71,1,54.52,0.0922,0,1,B
s_1886,c_1,0.838,0.56,1,0.701,56.2,3,69.47,-0.0326,1,1,C
s_1887,c_5,0.752,0.846,1,0.834,90.56,0,73.37,0.1249,0,1,A
s_1888,c_2,0.909,0.822,1,0.93,77.52,0,65.09,0.101,0,1,B
s_1889,c_3,0.934,0.941,1,0.952,81.27,0,80.82,0.0833,0,1,A
s_1890,c_2,0.773,0.558,1,0.596,54.59,0,71.13,0.0142,0,1,C
s_1891,c_2,0.288,0.5,3,0.309,48.7,3,35.67,-0.0139,1,0,F
s_1892,c_5,0.665,0.538,1,0.787,67.38,3,54.23,0.0532,1,1,C
s_1893,c_4,0.797,0.638,0,0.822,63.79,0,52.05,0.0001,0,1,C
s_1894,c_5,0.56,0.482,2,0.889,62.18,2,65.06,-0.0408,0,1,C
s_1895,c_5,0.974,0.887,0,0.874,73.89,1,75.52,0.0188,0,1,B
s_1896,c_5,0.733,0.694,0,0.857,47.89,4,62.52,0.0272,1,1,D
s_1897,c_4,0.44,0.41,5,0.308,33.69,3,27.4,0.05,1,0,F
s_1898,c_5,0.826,0.93,1,0.889,76.32,0,69.21,0.088,0,1,B
s_1899,c_4,0.86,0.874,0,0.957,73.48,1,66.72,0.1102,0,1,B
s_1900,c_1,0.848,0.724,0,0.827,86.61,0,77.79,0.0663,0,1,A
s_1901,c_5,0.777,0.797,0,0.85,87.15,0,90.66,0.0738,0,1,A
s_1902,c_2,0.944,0.876,1,0.96,90.82,0,82.29,0.0723,0,1,A
s_1903,c_2,0.621,0.746,2,0.838,53.94,3,62.42,-0.118,0,1,D
s_1904,c_3,0.748,0.67,1,0.634,61.43,1,58.33,0.0644,0,1,C
s_1905,c_3,0.628,0.418,4,0.326,52.07,7,64.22,-0.1547,0,1,D
s_1906,c_1,0.734,0.728,1,0.711,79.79,2,47.31,-0.0301,0,0,C
s_1907,c_3,0.559,0.745,0,0.789,50.84,0,50.15,-0.0017,0,1,D
s_1908,c_4,0.566,0.678,0,0.902,60.55,2,49.65,0.0684,0,0,D
s_1909,c_2,0.589,0.943,3,0.874,49.3,1,61.72,0.0235,1,0,D
s_1910,c_5,0.609,0.842,1,0.734,53.44,3,74.87,-0.0063,0,1,C
s_1911,c_3,0.82,0.697,2,0.846,58.32,0,67.83,0.0685,0,1,C
s_1912,c_1,0.701,0.78,2,0.936,67.76,0,62.52,0.0517,0,1,C
s_1913,c_4,0.89,0.799,0,0.555,59.15,2,71.27,0.0276,0,1,C
s_1914,c_2,0.685,0.619,3,0.834,85.68,2,78.4,-0.0186,0,1,B
s_1915,c_1,0.762,0.565,0,0.767,64.65,0,42.81,-0.0314,0,0,D
s_1916,c_3,0.702,0.686,1,0.875,53.11,0,66.41,-0.0373,0,1,C
s_1917,c_3,0.316,0.536,4,0.311,58.59,6,21.23,0.0243,1,0,F
s_1918,c_5,0.818,0.713,1,0.795,49.52,3,72.43,0.0769,0,0,C
s_1919,c_2,0.916,0.996,0,0.922,75.38,0,81.07,0.1172,0,1,A
s_1920,c_4,0.261,0.266,2,0.61,48.54,4,51.53,0.0165,1,0,F
s_1921,c_1,0.88,0.611,1,0.813,73.96,1,48.73,-0.0378,0,0,C
s_1922,c_1,0.491,0.395,3,0.353,30.48,5,63.38,-0.0579,1,0,F
s_1923,c_1,0.739,0.673,1,0.531,50.78,1,62.79,0.0497,0,1,C
s_1924,c_4,0.777,0.819,1,0.86,66.97,2,45.25,-0.0219,0,0,C
s_1925,c_4,0.878,0.818,0,0.936,79.33,1,94.01,0.0881,0,1,A
s_1926,c_5,0.668,0.75,1,0.774,70.67,2,58.75,-0.0178,0,1,C
s_1927,c_4,0.86,0.843,1,0.72,84.94,3,48.21,-0.0499,0,0,B
s_1928,c_4,0.651,0.644,2,0.778,63.4,0,57.98,0.001,0,1,C
s_1929,c_3,0.66,0.84,0,0.74,61.12,3,53.92,-0.0292,0,1,D
s_1930,c_2,0.841,0.751,0,0.983,75.45,0,82.13,0.1456,0,1,B
s_1931,c_5,0.711,0.893,0,0.822,63.62,3,68.8,0.0308,0,1,C
s_1932,c_2,0.516,0.57,5,0.453,60.89,6,48.83,-0.2431,1,0,D
s_1933,c_3,0.67,0.834,1,0.775,73.87,4,70.49,-0.016,0,1,B
s_1934,c_5,0.895,0.867,0,0.843,65.72,0,79.78,0.0317,0,1,B
s_1935,c_5,0.671,0.625,1,0.68,64.43,2,74.95,-0.0687,0,1,C
s_1936,c_2,0.841,0.783,0,0.871,79.91,0,81.45,0.0304,0,1,A
s_1937,c_2,0.435,0.423,2,0.454,40.9,4,23.14,-0.131,1,0,F
s_1938,c_2,0.825,0.947,0,1.0,77.99,0,66.46,0.0613,0,1,B
s_1939,c_1,0.659,0.653,1,0.915,57.34,3,55.14,0.0607,0,1,D
s_1940,c_2,0.62,0.824,0,0.569,59.17,4,57.33,0.0339,0,0,D
s_1941,c_3,0.874,0.649,1,0.688,62.52,3,53.2,0.0119,0,1,C
s_1942,c_2,0.678,0.513,1,0.674,57.9,4,53.86,-0.0131,1,1,D
s_1943,c_1,0.589,0.635,0,0.697,67.76,2,71.08,0.0842,0,1,C
s_1944,c_5,0.975,0.873,0,0.864,79.44,0,73.83,0.0251,0,1,A
s_1945,c_3,0.869,0.848,0,1.0,84.86,0,70.82,0.1337,0,1,B
s_1946,c_2,0.999,0.855,1,0.872,69.84,1,90.52,0.0694,0,1,A
s_1947,c_1,0.31,0.462,4,0.42,46.63,3,42.4,-0.0913,1,0,F
s_1948,c_1,0.541,0.4,5,0.507,63.55,2,13.9,-0.0462,1,0,F
s_1949,c_4,0.68,0.737,0,0.755,63.3,2,61.68,0.0184,0,1,C
s_1950,c_4,0.688,0.86,1,0.747,76.63,0,55.51,0.0299,0,1,C
s_1951,c_4,0.92,0.603,1,0.675,45.0,0,54.89,0.0542,0,0,D
s_1952,c_5,0.922,0.932,0,0.882,93.97,1,84.97,0.1154,0,1,A
s_1953,c_5,0.422,0.317,5,0.54,49.16,5,43.15,-0.1216,1,0,F
s_1954,c_2,0.607,0.839,0,0.778,60.24,1,71.42,-0.0154,0,1,C
s_1955,c_2,0.782,0.917,0,0.713,53.91,0,57.72,0.0913,0,1,C
s_1956,c_5,0.776,0.651,3,0.699,74.96,0,81.07,0.0331,0,1,B
s_1957,c_5,0.916,0.898,0,0.945,75.87,0,80.32,0.0276,0,1,A
s_1958,c_3,0.973,0.87,0,0.982,73.36,0,69.11,0.0016,0,1,B
s_1959,c_3,0.524,0.536,0,0.845,71.03,2,41.03,0.0946,0,0,D
s_1960,c_5,0.936,0.831,1,0.907,85.92,1,87.96,0.0144,0,1,A
s_1961,c_1,0.676,0.728,0,0.896,66.29,0,66.81,-0.0093,0,1,C
s_1962,c_3,1.0,0.731,1,0.927,83.36,0,81.71,0.1588,0,1,A
s_1963,c_3,0.815,0.617,2,0.69,59.23,2,77.8,-0.0024,1,1,B
s_1964,c_3,0.741,0.695,2,0.7,57.37,1,75.67,0.0536,0,1,C
s_1965,c_3,0.581,0.642,0,0.61,68.64,0,59.68,-0.0053,0,1,C
s_1966,c_2,0.68,0.799,1,0.639,62.32,4,72.77,-0.005,0,1,C
s_1967,c_1,0.911,0.621,0,0.884,86.42,1,68.2,-0.0228,0,1,A
s_1968,c_1,0.92,0.841,1,0.658,56.81,0,65.86,0.073,0,1,C
s_1969,c_2,0.792,0.666,0,0.667,61.74,0,60.11,-0.0479,0,1,C
s_1970,c_5,0.64,0.822,1,0.748,64.83,2,70.61,-0.0241,0,1,C
s_1971,c_3,0.635,0.337,3,0.583,38.4,3,44.93,-0.2258,1,0,F
s_1972,c_1,0.948,0.612,0,0.693,61.64,0,75.44,-0.0325,0,1,B
s_1973,c_1,0.842,0.899,0,1.0,77.9,0,67.22,0.0718,0,1,B
s_1974,c_2,0.962,0.968,0,0.895,85.0,0,91.53,0.0852,0,1,A
s_1975,c_2,0.867,0.531,1,0.681,53.08,2,66.48,0.0449,0,1,C
s_1976,c_3,0.808,0.663,0,0.734,65.63,2,51.3,0.0077,0,1,C
s_1977,c_5,0.814,1.0,1,0.943,85.13,1,72.61,0.0418,0,1,B
s_1978,c_4,0.67,0.475,2,0.7,56.8,2,73.3,-0.0289,0,1,C
s_1979,c_2,0.742,0.738,2,0.823,50.82,1,61.71,0.0782,0,1,D
s_1980,c_1,0.654,0.736,0,0.743,50.93,2,38.94,-0.0011,1,0,F
s_1981,c_5,0.68,0.817,0,0.697,55.35,0,63.01,-0.0144,0,1,C
s_1982,c_4,0.979,0.934,1,1.0,81.34,0,83.46,-0.0121,0,1,A
s_1983,c_2,0.873,0.756,0,0.885,79.26,0,83.33,0.1381,0,1,A
s_1984,c_4,0.62,0.846,0,0.813,79.85,2,59.05,-0.1361,0,1,C
s_1985,c_2,0.766,0.539,2,0.636,49.71,3,80.76,-0.0686,1,0,C
s_1986,c_3,0.768,0.664,1,0.667,67.04,1,63.36,0.0469,0,1,C
s_1987,c_5,0.748,0.698,2,0.669,46.98,2,54.58,-0.123,0,1,D
s_1988,c_1,0.962,0.873,1,0.921,77.79,0,87.06,0.1453,0,1,A
s_1989,c_3,0.708,0.742,0,0.75,51.25,2,66.68,-0.0459,0,1,C
s_1990,c_2,0.739,0.633,0,0.776,49.91,4,35.0,0.0054,1,0,F
s_1991,c_1,0.708,0.561,2,0.868,50.59,0,50.17,0.0302,0,1,D
s_1992,c_2,0.867,0.647,3,0.629,67.46,3,72.52,0.0988,1,0,B
s_1993,c_2,0.723,1.0,1,0.608,62.88,2,68.23,0.0064,0,1,C
s_1994,c_1,0.66,0.746,0,0.906,70.61,0,64.95,-0.0908,0,1,C
s_1995,c_4,0.927,0.73,0,0.949,69.7,0,63.12,0.1035,0,1,B
s_1996,c_1,0.477,0.307,5,0.475,44.43,4,40.5,-0.1628,1,0,F
s_1997,c_4,1.0,0.726,0,0.953,87.36,0,76.94,0.0459,1,0,A
s_1998,c_1,0.447,0.542,3,0.366,36.58,6,51.82,-0.0654,1,0,F
s_1999,c_1,0.72,0.674,3,0.641,76.08,3,55.7,0.0646,1,1,C
